,Unnamed: 0,#,Name,Pos,Team,Age,GP,G,A1,A2,P1,P,Sh,Sh%,G/GP,A1/GP,A2/GP,P1/GP,P/GP,Sh/GP
574,0,,Kenny Agostino,LW,CHI,24.378,65,24,32,27,56,83,166,14.46,0.37,0.49,0.42,0.86,1.28,2.55
212,1,,Chris Terry,LW,STJ,27.442,58,30,23,15,53,68,190,15.79,0.52,0.4,0.26,0.91,1.17,3.28
208,3,,Chris Mueller,C,TUC,30.53,68,19,31,17,50,67,119,15.97,0.28,0.46,0.25,0.74,0.99,1.75
953,6,,Taylor Beck,RW,BAK/HFD,25.345,56,19,30,17,49,66,171,11.11,0.34,0.54,0.3,0.88,1.18,3.05
1043,2,,Wade Megan,C,CHI,26.152,73,33,19,14,52,66,194,17.01,0.45,0.26,0.19,0.71,0.9,2.66
232,4,,Cole Schneider,LW,RCH,26.057,71,24,26,13,50,63,176,13.64,0.34,0.37,0.18,0.7,0.89,2.48
985,22,,Travis Boyd,C,HER,23.004,76,16,26,21,42,63,113,14.16,0.21,0.34,0.28,0.55,0.83,1.49
197,10,,Chris Bourque,LW,HER,30.629,76,18,27,15,45,60,221,8.14,0.24,0.36,0.2,0.59,0.79,2.91
252,11,,Cory Conacher,RW,SYR,26.755,56,17,28,15,45,60,152,11.18,0.3,0.5,0.27,0.8,1.07,2.71
945,27,,T.J. Brennan,D,LV,27.453000000000007,76,21,19,20,40,60,214,9.81,0.28,0.25,0.26,0.53,0.79,2.82
688,25,,Matt Taormina,D,SYR,29.906,70,15,26,19,41,60,183,8.2,0.21,0.37,0.27,0.59,0.86,2.61
275,5,,Daniel O'Regan,C,SJ,22.626,63,23,27,8,50,58,143,16.08,0.37,0.43,0.13,0.79,0.92,2.27
214,34,,Christian Djoos,D,HER,22.111,66,13,25,20,38,58,85,15.29,0.2,0.38,0.3,0.58,0.88,1.29
61,73,,Andy Miele,C,LV,28.419,65,13,20,24,33,57,121,10.74,0.2,0.31,0.37,0.51,0.88,1.86
968,51,,Tim Heed,D,SJ,25.635,55,14,22,20,36,56,140,10.0,0.25,0.4,0.36,0.65,1.02,2.55
651,12,,Mark Jankowski,C,STK,22.007,64,27,18,11,45,56,156,17.31,0.42,0.28,0.17,0.7,0.88,2.44
203,16,,Chris Conner,LW,LV,32.732,70,22,22,12,44,56,117,18.8,0.31,0.31,0.17,0.63,0.8,1.67
683,9,,Matt Lorito,LW,GR,26.205,61,22,24,10,46,56,139,15.83,0.36,0.39,0.16,0.75,0.92,2.28
615,19,,Linden Vey,C,STK,25.167,61,15,28,12,43,55,114,13.16,0.25,0.46,0.2,0.7,0.9,1.87
76,14,,Anton Lander,C,BAK,25.397,42,25,20,10,45,55,108,23.15,0.6,0.48,0.24,1.07,1.31,2.57
807,18,,Paul Carey,LW,HER,27.976,55,24,19,12,43,55,122,19.67,0.44,0.35,0.22,0.78,1.0,2.22
856,23,,Rocco Grimaldi,RW,SA,23.601,72,31,11,13,42,55,230,13.48,0.43,0.15,0.18,0.58,0.76,3.19
97,13,,Ben Street,C,GR,29.589,62,25,20,10,45,55,199,12.56,0.4,0.32,0.16,0.73,0.89,3.21
770,7,,Nicklas Jensen,LW,HFD,23.53,70,32,15,8,47,55,224,14.29,0.46,0.21,0.11,0.67,0.79,3.2
989,8,,Travis Morin,C,TEX,32.685,72,21,26,8,47,55,147,14.29,0.29,0.36,0.11,0.65,0.76,2.04
974,17,,Tom Kostopoulos,RW,WBS,37.643,74,24,20,10,44,54,167,14.37,0.32,0.27,0.14,0.59,0.73,2.26
251,15,,Corey Tropp,RW,SD,27.144,62,21,24,9,45,54,109,19.27,0.34,0.39,0.15,0.73,0.87,1.76
518,32,,Jordan Szwarz,RW,PRO,25.342,65,22,17,15,39,54,105,20.95,0.34,0.26,0.23,0.6,0.83,1.62
48,24,,Andrew Agozzino,LW,CHI,25.701,71,18,24,12,42,54,141,12.77,0.25,0.34,0.17,0.59,0.76,1.99
946,36,,T.J. Hensick,C,ONT,30.766,67,16,22,14,38,52,145,11.03,0.24,0.33,0.21,0.57,0.78,2.16
58,33,,Andrew Poturalski,C,CHA,22.67,74,19,20,13,39,52,157,12.1,0.26,0.27,0.18,0.53,0.7,2.12
827,20,,Pontus Aberg,RW,MIL,22.979,56,31,12,9,43,52,166,18.67,0.55,0.21,0.16,0.77,0.93,2.96
576,35,,Kerby Rychel,LW,TOR,21.942,73,19,19,14,38,52,185,10.27,0.26,0.26,0.19,0.52,0.71,2.53
448,28,,Jason Akeson,RW,BNG,26.287,57,20,20,11,40,51,150,13.33,0.35,0.35,0.19,0.7,0.89,2.63
131,57,,Brendan Leipsic,LW,TOR,22.328000000000007,49,18,17,16,35,51,146,12.33,0.37,0.35,0.33,0.71,1.04,2.98
108,58,,Bracken Kearns,C,BRI,35.346,74,23,12,16,35,51,152,15.13,0.31,0.16,0.22,0.47,0.69,2.05
381,21,,Greg Carey,LW,LV,26.448,74,28,15,8,43,51,225,12.44,0.38,0.2,0.11,0.58,0.69,3.04
352,40,,Evgeny Svechnikov,RW,GR,19.874,74,20,17,14,37,51,187,10.7,0.27,0.23,0.19,0.5,0.69,2.53
1040,37,,Vladislav Kamenev,C,MIL,20.093,70,21,17,13,38,51,140,15.0,0.3,0.24,0.19,0.54,0.73,2.0
821,26,,Phil Varone,C,BNG,25.783,65,15,26,10,41,51,128,11.72,0.23,0.4,0.15,0.63,0.78,1.97
660,42,,Martin Frk,RW,GR,22.946,65,27,10,13,37,50,232,11.64,0.42,0.15,0.2,0.57,0.77,3.57
169,41,,Cal O'Reilly,C,TOR/RCH,29.961,62,9,28,13,37,50,101,8.91,0.15,0.45,0.21,0.6,0.81,1.63
504,29,,Jonny Brodzinski,RW,ONT,23.242,59,27,13,9,40,49,184,14.67,0.46,0.22,0.15,0.68,0.83,3.12
425,60,,Jake DeBrusk,LW,PRO,19.913,74,19,16,14,35,49,213,8.92,0.26,0.22,0.19,0.47,0.66,2.88
471,100,,Joakim Ryan,D,SJ,23.248,65,10,20,19,30,49,185,5.41,0.15,0.31,0.29,0.46,0.75,2.85
189,61,,Charles Hudon,C,STJ,22.232,56,27,8,14,35,49,161,16.77,0.48,0.14,0.25,0.62,0.88,2.88
923,65,,Spencer Abbott,RW,SD/RFD,28.378,69,18,16,15,34,49,138,13.04,0.26,0.23,0.22,0.49,0.71,2.0
998,44,,Trevor Smith,C,MIL,31.601,74,14,23,12,37,49,142,9.86,0.19,0.31,0.16,0.5,0.66,1.92
217,43,,Christian Thomas,RW,HER,24.307,65,24,13,12,37,49,146,16.44,0.37,0.2,0.18,0.57,0.75,2.25
29,74,,Alex Grant,D,PRO,27.653,70,17,16,16,33,49,181,9.39,0.24,0.23,0.23,0.47,0.7,2.59
1044,59,,Wayne Simpson,RW,PRO,26.823,76,16,19,14,35,49,130,12.31,0.21,0.25,0.18,0.46,0.64,1.71
361,30,,Frederick Gaudreau,RW,MIL,23.376,66,25,15,8,40,48,129,19.38,0.38,0.23,0.12,0.61,0.73,1.95
341,52,,Erik Condra,RW,SYR,30.112,55,15,21,12,36,48,120,12.5,0.27,0.38,0.22,0.65,0.87,2.18
561,101,,Kalle Kossila,LW,SD,23.423,65,14,16,18,30,48,163,8.59,0.22,0.25,0.28,0.46,0.74,2.51
413,90,,Jack Roslovic,C,MB,19.628,65,13,18,17,31,48,136,9.56,0.2,0.28,0.26,0.48,0.74,2.09
1053,66,,Yanni Gourde,LW,SYR,24.753,56,22,12,14,34,48,137,16.06,0.39,0.21,0.25,0.61,0.86,2.45
283,46,,Darren Archibald,LW,UTI,26.599,76,23,14,10,37,47,184,12.5,0.3,0.18,0.13,0.49,0.62,2.42
215,45,,Christian Fischer,RW,TUC,19.42,57,20,17,10,37,47,139,14.39,0.35,0.3,0.18,0.65,0.82,2.44
291,113,,David Warsofsky,D,WBS,26.298,58,16,13,18,29,47,220,7.27,0.28,0.22,0.31,0.5,0.81,3.79
46,38,,Andreas Johnsson,LW,TOR,21.818,75,20,18,9,38,47,138,14.49,0.27,0.24,0.12,0.51,0.63,1.84
922,62,,Sonny Milano,LW,CLE,20.345,63,18,17,12,35,47,143,12.59,0.29,0.27,0.19,0.56,0.75,2.27
519,122,,Jordan Weal,C,LV,24.419,43,15,13,19,28,47,97,15.46,0.35,0.3,0.44,0.65,1.09,2.26
666,31,,Matej Stransky,RW,TEX,23.182,76,27,13,7,40,47,181,14.92,0.36,0.17,0.09,0.53,0.62,2.38
239,54,,Colin Smith,C,TOR/SA,23.239,73,14,22,11,36,47,148,9.46,0.19,0.3,0.15,0.49,0.64,2.03
120,53,,Brandon DeFazio,LW,TEX,28.006,76,22,14,11,36,47,207,10.63,0.29,0.18,0.14,0.47,0.62,2.72
789,77,,Oskar Sundqvist,C,WBS,22.484,63,20,13,13,33,46,148,13.51,0.32,0.21,0.21,0.52,0.73,2.35
495,67,,John Quenneville,C,ALB,20.417,58,14,20,12,34,46,158,8.86,0.24,0.34,0.21,0.59,0.79,2.72
258,75,,Curtis Valk,C,UTI,23.601,75,16,17,13,33,46,162,9.88,0.21,0.23,0.17,0.44,0.61,2.16
314,68,,Dominik Simon,C,WBS,22.106,70,15,19,12,34,46,143,10.49,0.21,0.27,0.17,0.49,0.66,2.04
168,39,,Byron Froese,C,SYR/TOR,25.515,54,27,11,8,38,46,160,16.88,0.5,0.2,0.15,0.7,0.85,2.96
585,91,,Kevin Porter,C,WBS,30.514,69,11,20,15,31,46,127,8.66,0.16,0.29,0.22,0.45,0.67,1.84
622,47,,Lucas Wallmark,C,CHA,21.03,67,24,13,9,37,46,138,17.39,0.36,0.19,0.13,0.55,0.69,2.06
588,102,,Kevin Roy,LW,SD,23.324,67,16,14,16,30,46,163,9.82,0.24,0.21,0.24,0.45,0.69,2.43
880,76,,Ryan Pulock,D,BRI,21.944000000000006,55,15,18,13,33,46,141,10.64,0.27,0.33,0.24,0.6,0.84,2.56
305,169,,Devon Toews,D,BRI,22.566,76,5,19,21,24,45,175,2.86,0.07,0.25,0.28,0.32,0.59,2.3
40,103,,Alexandre Grenier,RW,UTI,25.03,69,17,13,15,30,45,152,11.18,0.25,0.19,0.22,0.43,0.65,2.2
1033,92,,Vince Dunn,D,CHI,19.88,72,13,18,14,31,45,164,7.93,0.18,0.25,0.19,0.43,0.62,2.28
777,93,,Nikolay Goldobin,LW,SJ/UTI,20.942,49,19,12,14,31,45,95,20.0,0.39,0.24,0.29,0.63,0.92,1.94
89,48,,Barclay Goodrow,RW,SJ,23.551,61,25,12,8,37,45,152,16.45,0.41,0.2,0.13,0.61,0.74,2.49
192,81,,Chase Balisy,RW,SPR,24.619,76,17,15,13,32,45,93,18.28,0.22,0.2,0.17,0.42,0.59,1.22
281,123,,Danton Heinen,C,PRO,21.2,64,14,14,16,28,44,145,9.66,0.22,0.22,0.25,0.44,0.69,2.27
238,69,,Colin McDonald,RW,LV,31.96,72,25,9,10,34,44,167,14.97,0.35,0.12,0.14,0.47,0.61,2.32
339,63,,Eric Tangradi,LW,GR,27.595,54,17,18,9,35,44,134,12.69,0.31,0.33,0.17,0.65,0.81,2.48
911,114,,Seth Griffith,RW,TOR,23.697,38,10,19,15,29,44,75,13.33,0.26,0.5,0.39,0.76,1.16,1.97
600,49,,Kyle Connor,LW,MB,19.768,52,25,12,7,37,44,151,16.56,0.48,0.23,0.13,0.71,0.85,2.9
564,115,,Kasperi Kapanen,RW,TOR,20.148,43,18,11,14,29,43,121,14.88,0.42,0.26,0.33,0.67,1.0,2.81
747,94,,Morgan Klimchuk,LW,STK,21.542,66,19,12,12,31,43,150,12.67,0.29,0.18,0.18,0.47,0.65,2.27
742,82,,Mitch Callahan,RW,GR,25.082,66,16,16,11,32,43,141,11.35,0.24,0.24,0.17,0.48,0.65,2.14
609,104,,Kyle Wood,D,TUC,20.367,68,14,16,13,30,43,140,10.0,0.21,0.24,0.19,0.44,0.63,2.06
440,116,,Jamie McBain,D,TUC,28.556,64,8,21,14,29,43,116,6.9,0.12,0.33,0.22,0.45,0.67,1.81
892,50,,Samuel Blais,LW,CHI,20.247,75,26,11,6,37,43,123,21.14,0.35,0.15,0.08,0.49,0.57,1.64
428,55,,Jake Guentzel,C,WBS,21.944000000000006,33,21,15,6,36,42,98,21.43,0.64,0.45,0.18,1.09,1.27,2.97
949,95,,Tanner Fritz,RW,BRI,25.074,63,19,12,11,31,42,126,15.08,0.3,0.19,0.17,0.49,0.67,2.0
810,70,,Paul Thompson,RW,SPR,27.792,51,19,15,8,34,42,162,11.73,0.37,0.29,0.16,0.67,0.82,3.18
947,159,,T.J. Tynan,C,CLE,24.556,72,12,13,16,25,41,113,10.62,0.17,0.18,0.22,0.35,0.57,1.57
979,125,,Tomas Nosek,C,GR,24.039,51,15,13,13,28,41,94,15.96,0.29,0.25,0.25,0.55,0.8,1.84
718,117,,Mike Amadio,C,ONT,20.343,68,16,13,12,29,41,98,16.33,0.24,0.19,0.18,0.43,0.6,1.44
755,56,,Nicholas Baptiste,RW,RCH,21.117,59,25,11,5,36,41,174,14.37,0.42,0.19,0.08,0.61,0.69,2.95
54,64,,Andrew Mangiapane,LW,STK,20.449,66,20,15,6,35,41,132,15.15,0.3,0.23,0.09,0.53,0.62,2.0
707,84,,Michael Dal Colle,LW,BRI,20.239,75,15,17,9,32,41,136,11.03,0.2,0.23,0.12,0.43,0.55,1.81
774,105,,Nikita Scherbak,RW,STJ,20.712,66,13,17,11,30,41,115,11.3,0.2,0.26,0.17,0.45,0.62,1.74
601,83,,Kyle Criscuolo,C,GR,24.365,76,17,15,9,32,41,147,11.56,0.22,0.2,0.12,0.42,0.54,1.93
693,133,,Matthew Peca,C,SYR,23.387,68,12,15,14,27,41,131,9.16,0.18,0.22,0.21,0.4,0.6,1.93
55,124,,Andrew Miller,RW,CHA,27.992,55,11,17,13,28,41,87,12.64,0.2,0.31,0.24,0.51,0.75,1.58
690,71,,Matt White,LW,MIL,27.064,71,15,19,7,34,41,181,8.29,0.21,0.27,0.1,0.48,0.58,2.55
549,118,,Justin Fontaine,RW,BAK/HFD,28.86,65,11,18,12,29,41,108,10.19,0.17,0.28,0.18,0.45,0.63,1.66
263,106,,Dan DeSalvo,C,MB,24.529,66,18,12,10,30,40,126,14.29,0.27,0.18,0.15,0.45,0.61,1.91
267,78,,Danick Martel,LW,LV,21.761,68,20,13,7,33,40,151,13.25,0.29,0.19,0.1,0.49,0.59,2.22
250,134,,Corban Knight,C,LV,26.016,72,11,16,13,27,40,121,9.09,0.15,0.22,0.18,0.38,0.56,1.68
926,85,,Stanislav Galiev,RW,HER,24.663,56,21,11,8,32,40,121,17.36,0.38,0.2,0.14,0.57,0.71,2.16
643,86,,Marek Hrivik,C,HFD,25.052,56,16,16,8,32,40,107,14.95,0.29,0.29,0.14,0.57,0.71,1.91
653,144,,Mark McNeill,C,TEX/RFD,23.562,79,9,17,13,26,39,178,5.06,0.11,0.22,0.16,0.33,0.49,2.25
862,135,,Ryan Carpenter,RW,SJ,25.66,54,14,13,12,27,39,145,9.66,0.26,0.24,0.22,0.5,0.72,2.69
38,228,,Alexandre Carrier,D,MIL,19.937,72,6,14,19,20,39,99,6.06,0.08,0.19,0.26,0.28,0.54,1.38
664,119,,Mat Bodie,D,RCH/HFD,26.528,62,10,19,10,29,39,105,9.52,0.16,0.31,0.16,0.47,0.63,1.69
100,107,,Blake Coleman,C,ALB,24.8,52,19,11,9,30,39,126,15.08,0.37,0.21,0.17,0.58,0.75,2.42
886,170,,Sam Carrick,C,SD/RFD,24.614,72,14,10,15,24,39,180,7.78,0.19,0.14,0.21,0.33,0.54,2.5
901,96,,Scott Laughton,C,LV,22.298,60,19,12,8,31,39,129,14.73,0.32,0.2,0.13,0.52,0.65,2.15
56,126,,Andrew Nielsen,D,TOR,19.839,74,14,14,11,28,39,135,10.37,0.19,0.19,0.15,0.38,0.53,1.82
959,136,,Teddy Purcell,RW,ONT,31.02,38,10,17,11,27,38,69,14.49,0.26,0.45,0.29,0.71,1.0,1.82
488,79,,Joey LaLeggia,LW,BAK,24.228,67,20,13,5,33,38,153,13.07,0.3,0.19,0.07,0.49,0.57,2.28
188,208,,Chandler Stephenson,C,HER,22.402,72,10,11,17,21,38,65,15.38,0.14,0.15,0.24,0.29,0.53,0.9
15,98,,Adam Payerl,RW,MIL,25.536,76,16,15,7,31,38,150,10.67,0.21,0.2,0.09,0.41,0.5,1.97
0,97,,A.J. Greer,LW,SA,19.754,63,15,16,7,31,38,131,11.45,0.24,0.25,0.11,0.49,0.6,2.08
812,72,,Peter Cehlarik,LW,PRO,21.123,49,20,14,4,34,38,115,17.39,0.41,0.29,0.08,0.69,0.78,2.35
792,127,,Pat Cannone,C,IA,30.103,73,9,19,10,28,38,114,7.89,0.12,0.26,0.14,0.38,0.52,1.56
74,108,,Antoine Laganiere,LW,SD,26.199,64,21,9,7,30,37,155,13.55,0.33,0.14,0.11,0.47,0.58,2.42
407,87,,Ivan Barbashev,C,CHI,20.756,46,19,13,5,32,37,75,25.33,0.41,0.28,0.11,0.7,0.8,1.63
182,128,,Casey Bailey,RW,BNG,24.888,62,21,7,9,28,37,186,11.29,0.34,0.11,0.15,0.45,0.6,3.0
733,109,,Mike Sislo,RW,TOR/SA,28.655,72,14,16,7,30,37,155,9.03,0.19,0.22,0.1,0.42,0.51,2.15
956,182,,Taylor Leier,LW,LV,22.582,48,13,10,14,23,37,128,10.16,0.27,0.21,0.29,0.48,0.77,2.67
35,137,,Alex Tuch,RW,IA,20.351,57,18,9,10,27,37,139,12.95,0.32,0.16,0.18,0.47,0.65,2.44
659,80,,Markus Hannikainen,LW,CLE,23.475,57,19,14,4,33,37,177,10.73,0.33,0.25,0.07,0.58,0.65,3.11
764,145,,Nick Paul,LW,BNG,21.493,72,15,11,11,26,37,141,10.64,0.21,0.15,0.15,0.36,0.51,1.96
1011,171,,Tyler Bertuzzi,LW,GR,21.558000000000003,48,12,12,13,24,37,117,10.26,0.25,0.25,0.27,0.5,0.77,2.44
224,146,,Cody Kunyk,LW,UTI,26.325,61,15,11,11,26,37,108,13.89,0.25,0.18,0.18,0.43,0.61,1.77
990,172,,Travis Sanheim,D,LV,20.466,76,10,14,13,24,37,165,6.06,0.13,0.18,0.17,0.32,0.49,2.17
150,139,,Brian Gibbons,LW,ALB,28.554,72,16,11,9,27,36,120,13.33,0.22,0.15,0.12,0.38,0.5,1.67
481,149,,Joe Whitney,LW,TUC/SA,28.608,74,14,12,10,26,36,161,8.7,0.19,0.16,0.14,0.35,0.49,2.18
147,99,,Brett Sutter,C,ONT,29.29,66,18,13,5,31,36,115,15.65,0.27,0.2,0.08,0.47,0.55,1.74
528,138,,Josh Ho-Sang,RW,BRI,20.649,50,10,17,9,27,36,68,14.71,0.2,0.34,0.18,0.54,0.72,1.36
59,147,,Andrew Rowe,LW,BRI,28.649,66,13,13,10,26,36,124,10.48,0.2,0.2,0.15,0.39,0.55,1.88
544,110,,Justin Bailey,RW,RCH,21.211,52,23,7,6,30,36,126,18.25,0.44,0.13,0.12,0.58,0.69,2.42
434,129,,Jakub Vrana,LW,HER,20.548,49,19,9,8,28,36,106,17.92,0.39,0.18,0.16,0.57,0.73,2.16
698,148,,Max McCormick,LW,BNG,24.376,66,21,5,10,26,36,166,12.65,0.32,0.08,0.15,0.39,0.55,2.52
960,89,,Teemu Pulkkinen,LW,IA,24.704,47,18,14,4,32,36,152,11.84,0.38,0.3,0.09,0.68,0.77,3.23
517,111,,Jordan Subban,D,UTI,21.539,65,16,14,6,30,36,151,10.6,0.25,0.22,0.09,0.46,0.55,2.32
678,112,,Matt Frattin,RW,STK,28.701,54,18,12,6,30,36,153,11.76,0.33,0.22,0.11,0.56,0.67,2.83
633,173,,Mackenzie Weegar,D,SPR,22.689,60,14,10,12,24,36,168,8.33,0.23,0.17,0.2,0.4,0.6,2.8
526,88,,Josh Currie,C,BAK,23.88,67,22,10,4,32,36,156,14.1,0.33,0.15,0.06,0.48,0.54,2.33
871,130,,Ryan Hamilton,LW,BAK,31.42,49,17,11,8,28,36,105,16.19,0.35,0.22,0.16,0.57,0.73,2.14
691,161,,Matthew Ford,RW,GR,31.935,51,14,11,10,25,35,123,11.38,0.27,0.22,0.2,0.49,0.69,2.41
179,229,,Carter Camper,C,ALB,28.195,47,6,14,15,20,35,102,5.88,0.13,0.3,0.32,0.43,0.74,2.17
18,160,,Adam Tambellini,LW,HFD,21.873,68,13,12,10,25,35,131,9.92,0.19,0.18,0.15,0.37,0.51,1.93
401,120,,Hunter Shinkaruk,LW,STK,21.925,52,15,14,6,29,35,128,11.72,0.29,0.27,0.12,0.56,0.67,2.46
226,183,,Colby Cave,C,PRO,21.723000000000006,76,13,10,12,23,35,140,9.29,0.17,0.13,0.16,0.3,0.46,1.84
1036,174,,Vincent LoVerde,D,ONT,27.423,61,9,15,11,24,35,109,8.26,0.15,0.25,0.18,0.39,0.57,1.79
860,131,,Rourke Chartier,C,SJ,20.452,67,17,11,7,28,35,155,10.97,0.25,0.16,0.1,0.42,0.52,2.31
980,209,,Tommy Cross,D,PRO,27.009,74,12,9,14,21,35,138,8.7,0.16,0.12,0.19,0.28,0.47,1.86
642,121,,Marcus Sorensen,LW,SJ,24.441,43,17,12,5,29,34,108,15.74,0.4,0.28,0.12,0.67,0.79,2.51
1029,162,,Valentin Zykov,RW,CHA,21.339,66,16,9,9,25,34,115,13.91,0.24,0.14,0.14,0.38,0.52,1.74
477,273,,Joe Hicketts,D,GR,20.367,73,7,10,17,17,34,109,6.42,0.1,0.14,0.23,0.23,0.47,1.49
952,164,,Tanner Richard,C,SYR,23.445,47,14,11,9,25,34,76,18.42,0.3,0.23,0.19,0.53,0.72,1.62
905,132,,Sean Backman,RW,ONT,30.383000000000006,67,12,16,6,28,34,161,7.45,0.18,0.24,0.09,0.42,0.51,2.4
656,163,,Mark Zengerle,RW,LV,27.346,69,13,12,9,25,34,90,14.44,0.19,0.17,0.13,0.36,0.49,1.3
135,230,,Brendan Ranford,LW,TUC/TEX/SA,24.37,67,10,10,14,20,34,109,9.17,0.15,0.15,0.21,0.3,0.51,1.63
596,150,,Kyle Baun,RW,RFD,24.367,74,14,12,8,26,34,123,11.38,0.19,0.16,0.11,0.35,0.46,1.66
455,140,,Jean-Sebastien Dea,C,WBS,22.601,73,18,9,7,27,34,124,14.52,0.25,0.12,0.1,0.37,0.47,1.7
228,351,,Colby Robak,D,STK/UTI,26.396,70,3,10,20,13,33,127,2.36,0.04,0.14,0.29,0.19,0.47,1.81
996,151,,Trevor Moore,LW,TOR,21.462,57,13,13,7,26,33,77,16.88,0.23,0.23,0.12,0.46,0.58,1.35
493,142,,John McCarthy,LW,SJ,30.103,67,19,8,6,27,33,145,13.1,0.28,0.12,0.09,0.4,0.49,2.16
712,165,,Michael Mersch,LW,ONT,23.954,48,16,9,8,25,33,134,11.94,0.33,0.19,0.17,0.52,0.69,2.79
364,152,,Gabriel Bourque,LW,SA,25.98,61,10,16,7,26,33,109,9.17,0.16,0.26,0.11,0.43,0.54,1.79
376,195,,Gemel Smith,C,TEX,22.418000000000006,53,12,10,11,22,33,91,13.19,0.23,0.19,0.21,0.42,0.62,1.72
997,210,,Trevor Murphy,D,MIL,21.167,75,12,9,12,21,33,159,7.55,0.16,0.12,0.16,0.28,0.44,2.12
102,141,,Blake Pietila,LW,ALB,23.568,49,17,10,6,27,33,106,16.04,0.35,0.2,0.12,0.55,0.67,2.16
850,196,,Robbie Russo,D,GR,23.582,58,7,15,10,22,32,119,5.88,0.12,0.26,0.17,0.38,0.55,2.05
533,175,,Joshua Winquist,C,BRI,23.026,53,15,9,8,24,32,89,16.85,0.28,0.17,0.15,0.45,0.6,1.68
424,245,,Jake Chelios,D,CHA,25.526,76,4,15,13,19,32,152,2.63,0.05,0.2,0.17,0.25,0.42,2.0
193,184,,Chase De Leo,LW,MB,20.893,69,14,9,9,23,32,161,8.7,0.2,0.13,0.13,0.33,0.46,2.33
126,153,,Brandon Montour,D,SD,22.432,36,13,13,6,26,32,148,8.78,0.36,0.36,0.17,0.72,0.89,4.11
679,211,,Matt Grzelcyk,D,PRO,22.695,70,6,15,11,21,32,110,5.45,0.09,0.21,0.16,0.3,0.46,1.57
486,176,,Joel Vermin,RW,SYR,24.611,46,13,11,8,24,32,95,13.68,0.28,0.24,0.17,0.52,0.7,2.07
512,274,,Jordan Oesterle,D,BAK,24.225,44,7,10,15,17,32,88,7.95,0.16,0.23,0.34,0.39,0.73,2.0
579,212,,Kevin Czuczman,D,MB,25.684,76,9,12,11,21,32,190,4.74,0.12,0.16,0.14,0.28,0.42,2.5
696,178,,Max Friberg,RW,STJ,23.82,71,11,13,7,24,31,101,10.89,0.15,0.18,0.1,0.34,0.44,1.42
1046,197,,Will O'Neill,D,LV,28.384,57,3,19,9,22,31,95,3.16,0.05,0.33,0.16,0.39,0.54,1.67
957,198,,Teddy Blueger,C,WBS,22.087,54,7,15,9,22,31,83,8.43,0.13,0.28,0.17,0.41,0.57,1.54
316,185,,Dryden Hunt,LW,SPR,20.811,70,13,10,8,23,31,142,9.15,0.19,0.14,0.11,0.33,0.44,2.03
419,246,,Jacob de la Rose,C,STJ,21.326,62,14,5,12,19,31,110,12.73,0.23,0.08,0.19,0.31,0.5,1.77
167,154,,Buddy Robinson,RW,SJ/BNG,24.961,66,17,9,5,26,31,151,11.26,0.26,0.14,0.08,0.39,0.47,2.29
373,166,,Garrett Wilson,LW,WBS,25.504,59,11,14,6,25,31,125,8.8,0.19,0.24,0.1,0.42,0.53,2.12
95,199,,Ben Sexton,RW,ALB,25.279,54,19,3,9,22,31,107,17.76,0.35,0.06,0.17,0.41,0.57,1.98
69,177,,Anthony Greco,RW,SPR,22.96,74,16,8,7,24,31,188,8.51,0.22,0.11,0.09,0.32,0.42,2.54
541,256,,Julius Honka,D,TEX,20.786,50,7,11,13,18,31,120,5.83,0.14,0.22,0.26,0.36,0.62,2.4
409,215,,JC Lipon,RW,MB,23.185,71,12,9,9,21,30,164,7.32,0.17,0.13,0.13,0.3,0.42,2.31
342,213,,Erik Gustafsson,D,RFD,24.507,68,5,16,9,21,30,185,2.7,0.07,0.24,0.13,0.31,0.44,2.72
269,168,,Daniel Audette,C,STJ,20.362,75,10,15,5,25,30,104,9.62,0.13,0.2,0.07,0.33,0.4,1.39
278,231,,Daniel Zaar,RW,CLE,22.396,55,8,12,10,20,30,150,5.33,0.15,0.22,0.18,0.36,0.55,2.73
869,276,,Ryan Graves,D,HFD,21.323,76,8,9,13,17,30,191,4.19,0.11,0.12,0.17,0.22,0.39,2.51
730,277,,Mike Reilly,D,IA,23.176,57,5,12,13,17,30,129,3.88,0.09,0.21,0.23,0.3,0.53,2.26
462,143,,Jeremy Morin,RW,SYR/TUC,25.419,63,16,11,3,27,30,113,14.16,0.25,0.17,0.05,0.43,0.48,1.79
548,200,,Justin Florek,LW,MIL,26.33,75,12,10,8,22,30,145,8.28,0.16,0.13,0.11,0.29,0.4,1.93
746,275,,Morgan Ellis,D,CHI,24.378,74,9,8,13,17,30,123,7.32,0.12,0.11,0.18,0.23,0.41,1.66
351,257,,Evan Rodrigues,C,RCH,23.135,48,9,9,12,18,30,121,7.44,0.19,0.19,0.25,0.38,0.62,2.52
449,187,,Jason Dickinson,C,TEX,21.202,58,9,14,7,23,30,111,8.11,0.16,0.24,0.12,0.4,0.52,1.91
408,186,,J.T. Compher,C,SA,21.441,41,13,10,7,23,30,77,16.88,0.32,0.24,0.17,0.56,0.73,1.88
540,247,,Julius Bergman,D,SJ,20.871,64,3,16,11,19,30,138,2.17,0.05,0.25,0.17,0.3,0.47,2.16
124,167,,Brandon Mashinter,LW,RFD,27.987,61,15,10,5,25,30,103,14.56,0.25,0.16,0.08,0.41,0.49,1.69
1032,214,,Ville Pokka,D,RFD,22.53,76,6,15,9,21,30,184,3.26,0.08,0.2,0.12,0.28,0.39,2.42
613,155,,Liam O'Brien,LW,HER,22.133000000000006,64,10,16,4,26,30,87,11.49,0.16,0.25,0.06,0.41,0.47,1.36
969,249,,Tim Kennedy,C,RCH,30.38,47,4,15,10,19,29,55,7.27,0.09,0.32,0.21,0.4,0.62,1.17
761,156,,Nick Lappin,RW,ALB,23.872,35,14,12,3,26,29,103,13.59,0.4,0.34,0.09,0.74,0.83,2.94
8,202,,Adam Erne,LW,SYR,21.408,42,14,8,7,22,29,89,15.73,0.33,0.19,0.17,0.52,0.69,2.12
62,279,,Andy Welinski,D,SD,23.387,63,6,11,12,17,29,88,6.82,0.1,0.17,0.19,0.27,0.46,1.4
602,158,,Kyle Flanagan,C,BNG,27.71,68,9,17,3,26,29,80,11.25,0.13,0.25,0.04,0.38,0.43,1.18
676,157,,Matt Carey,LW,HFD,24.548,73,21,5,3,26,29,92,22.83,0.29,0.07,0.04,0.36,0.4,1.26
145,216,,Brett Sterling,LW,CHI,32.395,61,11,10,8,21,29,98,11.22,0.18,0.16,0.13,0.34,0.48,1.61
522,180,,Josh Archibald,RW,WBS,23.943,61,16,8,5,24,29,119,13.45,0.26,0.13,0.08,0.39,0.48,1.95
109,248,,Brad Hunt,D,CHI,28.061,23,9,10,10,19,29,57,15.79,0.39,0.43,0.43,0.83,1.26,2.48
181,201,,Carter Verhaeghe,C,BRI,21.09,45,16,6,7,22,29,85,18.82,0.36,0.13,0.16,0.49,0.64,1.89
292,278,,Dean Kukan,D,CLE,23.19,72,4,13,12,17,29,95,4.21,0.06,0.18,0.17,0.24,0.4,1.32
793,179,,Patrice Cormier,C,MB,26.257,69,13,11,5,24,29,112,11.61,0.19,0.16,0.07,0.35,0.42,1.62
721,217,,Mike Blunden,RW,BNG,29.753,67,14,7,8,21,29,158,8.86,0.21,0.1,0.12,0.31,0.43,2.36
875,218,,Ryan Lomberg,C,STK,21.769,68,13,8,8,21,29,120,10.83,0.19,0.12,0.12,0.31,0.43,1.76
10,188,,Adam Helewka,LW,SJ,21.156,58,14,9,6,23,29,116,12.07,0.24,0.16,0.1,0.4,0.5,2.0
466,203,,Jesse Puljujarvi,RW,BAK,18.36,39,12,10,6,22,28,109,11.01,0.31,0.26,0.15,0.56,0.72,2.79
37,258,,Alexander Nylander,RW,RCH,18.541,65,10,8,10,18,28,106,9.43,0.15,0.12,0.15,0.28,0.43,1.63
546,232,,Justin Dowling,C,TEX,25.958,49,8,12,8,20,28,95,8.42,0.16,0.24,0.16,0.41,0.57,1.94
726,205,,Mike Halmo,LW,SYR,25.339,69,16,6,6,22,28,129,12.4,0.23,0.09,0.09,0.32,0.41,1.87
840,189,,Remi Elie,LW,TEX,21.419,53,9,14,5,23,28,83,10.84,0.17,0.26,0.09,0.43,0.53,1.57
611,191,,Laurent Dauphin,C,TUC,21.476,38,17,6,5,23,28,101,16.83,0.45,0.16,0.13,0.61,0.74,2.66
704,251,,Michael Bunting,LW,TUC,20.997,67,13,6,9,19,28,135,9.63,0.19,0.09,0.13,0.28,0.42,2.01
791,250,,Pascal Pelletier,C,UTI,33.251999999999995,52,10,9,9,19,28,75,13.33,0.19,0.17,0.17,0.37,0.54,1.44
885,234,,Sam Anas,RW,IA,23.291,66,12,8,8,20,28,105,11.43,0.18,0.12,0.12,0.3,0.42,1.59
820,190,,Phil Di Giuseppe,LW,CHA,22.935,40,12,11,5,23,28,141,8.51,0.3,0.28,0.12,0.57,0.7,3.52
900,260,,Scott Kosmachuk,RW,MB,22.642,58,11,7,10,18,28,124,8.87,0.19,0.12,0.17,0.31,0.48,2.14
104,204,,Bobby Farnham,LW,STJ,27.65,71,11,11,6,22,28,93,11.83,0.15,0.15,0.08,0.31,0.39,1.31
353,219,,Felix Girard,C,MIL/SA,22.355,73,10,11,7,21,28,127,7.87,0.14,0.15,0.1,0.29,0.38,1.74
795,233,,Patrick Brown,C,CHA,24.299,66,12,8,8,20,28,105,11.43,0.18,0.12,0.12,0.3,0.42,1.59
110,259,,Brad Malone,C,CHI/HER,27.324,71,11,7,10,18,28,98,11.22,0.15,0.1,0.14,0.25,0.39,1.38
210,299,,Chris Rumble,D,BNG,26.418000000000006,56,6,10,11,16,27,118,5.08,0.11,0.18,0.2,0.29,0.48,2.11
785,352,,Oliver Kylington,D,STK,19.327,60,6,7,14,13,27,90,6.67,0.1,0.12,0.23,0.22,0.45,1.5
686,280,,Matt Mangene,D,TEX,27.513,66,8,9,10,17,27,111,7.21,0.12,0.14,0.15,0.26,0.41,1.68
293,261,,Denis Gurianov,RW,TEX,19.275,57,12,6,9,18,27,96,12.5,0.21,0.11,0.16,0.32,0.47,1.68
92,379,,Ben Harpur,D,BNG,21.676,63,2,10,15,12,27,110,1.82,0.03,0.16,0.24,0.19,0.43,1.75
199,220,,Chris Brown,RW,HFD,25.616,64,14,7,6,21,27,122,11.48,0.22,0.11,0.09,0.33,0.42,1.91
452,333,,Jaycob Megna,D,SD,23.765,62,5,9,13,14,27,70,7.14,0.08,0.15,0.21,0.23,0.44,1.13
412,252,,Jack Rodewald,RW,BNG,22.585,66,18,1,8,19,27,97,18.56,0.27,0.02,0.12,0.29,0.41,1.47
844,192,,Riley Barber,RW,HER,22.604,39,13,10,4,23,27,102,12.75,0.33,0.26,0.1,0.59,0.69,2.62
346,235,,Ethan Werek,C,TEX,25.276,55,13,7,7,20,27,123,10.57,0.24,0.13,0.13,0.36,0.49,2.24
356,281,,Francis Perron,LW,BNG,20.411,68,6,11,9,17,26,96,6.25,0.09,0.16,0.13,0.25,0.38,1.41
395,301,,Haydn Fleury,D,CHA,20.189,69,7,9,10,16,26,144,4.86,0.1,0.13,0.14,0.23,0.38,2.09
49,380,,Andrew Bodnarchuk,D,TEX,28.181,69,5,7,14,12,26,93,5.38,0.07,0.1,0.2,0.17,0.38,1.35
797,193,,Patrick Dwyer,RW,CHA,33.235,58,14,9,3,23,26,80,17.5,0.24,0.16,0.05,0.4,0.45,1.38
451,207,,Jayce Hawryluk,RW,SPR,20.707,47,9,13,4,22,26,75,12.0,0.19,0.28,0.09,0.47,0.55,1.6
784,194,,Oliver Bjorkstrand,RW,CLE,21.435,37,14,9,3,23,26,105,13.33,0.38,0.24,0.08,0.62,0.7,2.84
380,222,,Grayson Downing,C,IA/TUC,24.411,59,9,12,5,21,26,96,9.38,0.15,0.2,0.08,0.36,0.44,1.63
934,181,,Steve Bernier,RW,BRI,31.461,33,16,8,2,24,26,63,25.4,0.48,0.24,0.06,0.73,0.79,1.91
731,334,,Mike Ribeiro,C,MIL,36.598,28,5,9,12,14,26,32,15.62,0.18,0.32,0.43,0.5,0.93,1.14
200,353,,Chris Butler,D,CHI,29.887,72,5,8,13,13,26,106,4.72,0.07,0.11,0.18,0.18,0.36,1.47
906,221,,Sean Kuraly,C,PRO,23.653,54,14,7,5,21,26,130,10.77,0.26,0.13,0.09,0.39,0.48,2.41
245,206,,Connor Brickley,LW,CHA,24.556,69,15,7,4,22,26,110,13.64,0.22,0.1,0.06,0.32,0.38,1.59
175,300,,Cameron Schilling,D,ONT/RFD,27.94,72,8,8,10,16,26,128,6.25,0.11,0.11,0.14,0.22,0.36,1.78
26,236,,Alex Broadhurst,C,CLE,23.527,52,11,9,5,20,25,74,14.86,0.21,0.17,0.1,0.38,0.48,1.42
813,223,,Peter Mueller,RW,PRO,28.422,56,13,8,4,21,25,124,10.48,0.23,0.14,0.07,0.38,0.45,2.21
490,381,,John Gilmour,D,HFD,23.332,76,6,6,13,12,25,110,5.45,0.08,0.08,0.17,0.16,0.33,1.45
757,282,,Nick  Ebert,D,TEX,22.35,68,9,8,8,17,25,132,6.82,0.13,0.12,0.12,0.25,0.37,1.94
496,354,,John Ramage,D,CLE,25.605,69,4,9,12,13,25,130,3.08,0.06,0.13,0.17,0.19,0.36,1.88
444,237,,Jared McCann,C,SPR,20.293,42,11,9,5,20,25,91,12.09,0.26,0.21,0.12,0.48,0.6,2.17
929,238,,Stefan Matteau,C,STJ,22.56,67,12,8,5,20,25,120,10.0,0.18,0.12,0.07,0.3,0.37,1.79
209,224,,Chris Porter,LW,PRO,32.299,67,8,13,4,21,25,100,8.0,0.12,0.19,0.06,0.31,0.37,1.49
506,319,,Jordan Caron,RW,CHI,25.87,57,5,10,10,15,25,110,4.55,0.09,0.18,0.18,0.26,0.44,1.93
472,253,,Joe Blandisi,C,ALB,22.163,31,8,11,6,19,25,63,12.7,0.26,0.35,0.19,0.61,0.81,2.03
514,283,,Jordan Schmaltz,D,CHI,22.938,42,3,14,8,17,25,52,5.77,0.07,0.33,0.19,0.4,0.6,1.24
230,262,,Cole Bardreau,RW,LV,23.152,72,9,9,6,18,24,83,10.84,0.12,0.12,0.08,0.25,0.33,1.15
242,241,,Colton Hargrove,LW,PRO,24.225,67,8,12,4,20,24,124,6.45,0.12,0.18,0.06,0.3,0.36,1.85
829,254,,Quinton Howden,LW,MB,24.652,58,13,6,5,19,24,97,13.4,0.22,0.1,0.09,0.33,0.41,1.67
309,284,,Dmytro Timashov,LW,TOR,19.957,63,11,6,7,17,24,107,10.28,0.17,0.1,0.11,0.27,0.38,1.7
140,263,,Brett Findlay,C,TOR,23.924,34,10,8,6,18,24,46,21.74,0.29,0.24,0.18,0.53,0.71,1.35
236,240,,Colin Greening,C,TOR,30.522,69,10,10,4,20,24,110,9.09,0.14,0.14,0.06,0.29,0.35,1.59
233,239,,Cole Ully,LW,TEX,21.569000000000006,61,13,7,4,20,24,112,11.61,0.21,0.11,0.07,0.33,0.39,1.84
417,305,,Jacob MacDonald,D,ALB,23.551,34,8,8,8,16,24,75,10.67,0.24,0.24,0.24,0.47,0.71,2.21
598,335,,Kyle Burroughs,D,BRI,21.18,71,3,11,10,14,24,117,2.56,0.04,0.15,0.14,0.2,0.34,1.65
709,320,,Michael Kostka,D,STK/BNG,30.799,61,3,12,9,15,24,128,2.34,0.05,0.2,0.15,0.25,0.39,2.1
513,264,,Jordan Samuels-Thomas,LW,SD,26.303,56,12,6,6,18,24,91,13.19,0.21,0.11,0.11,0.32,0.43,1.62
987,449,,Travis Dermott,D,TOR,19.732,59,5,5,14,10,24,98,5.1,0.08,0.08,0.24,0.17,0.41,1.66
218,303,,Christoph Bertschy,RW,IA,22.448,67,11,5,8,16,24,150,7.33,0.16,0.07,0.12,0.24,0.36,2.24
391,302,,Gustav Olofsson,D,IA,21.791,59,6,10,8,16,24,92,6.52,0.1,0.17,0.14,0.27,0.41,1.56
467,304,,Jim O'Brien,C,SA,27.628,53,9,7,8,16,24,106,8.49,0.17,0.13,0.15,0.3,0.45,2.0
606,225,,Kyle Rau,LW,SPR,23.894,48,10,11,3,21,24,104,9.62,0.21,0.23,0.06,0.44,0.5,2.17
1000,226,,Troy Bourke,LW,SA,22.465,74,9,12,3,21,24,91,9.89,0.12,0.16,0.04,0.28,0.32,1.23
751,265,,Nathan Walker,LW,HER,22.604,58,11,7,5,18,23,96,11.46,0.19,0.12,0.09,0.31,0.4,1.66
510,243,,Jordan Maletta,C,CLE,21.38,76,12,8,3,20,23,128,9.38,0.16,0.11,0.04,0.26,0.3,1.68
138,355,,Brenden Kichton,D,MB,24.244,63,1,12,10,13,23,93,1.08,0.02,0.19,0.16,0.21,0.37,1.48
907,337,,Sena Acolatse,D,SPR,25.799,68,6,8,9,14,23,89,6.74,0.09,0.12,0.13,0.21,0.34,1.31
557,242,,Justin Scott,C,CLE,21.093000000000004,58,13,7,3,20,23,110,11.82,0.22,0.12,0.05,0.34,0.4,1.9
106,266,,Borna Rendulic,RW,UTI,24.477,69,12,6,5,18,23,80,15.0,0.17,0.09,0.07,0.26,0.33,1.16
971,244,,Timo Meier,C,SJ,19.937,33,14,6,3,20,23,98,14.29,0.42,0.18,0.09,0.61,0.7,2.97
84,306,,Austin Czarnik,C,PRO,23.76,22,6,10,7,16,23,41,14.63,0.27,0.45,0.32,0.73,1.05,1.86
1061,382,,Zach Leslie,D,ONT,22.623,65,5,7,11,12,23,100,5.0,0.08,0.11,0.17,0.18,0.35,1.54
348,268,,Evan McEneny,D,UTI,22.319000000000006,64,8,10,5,18,23,167,4.79,0.12,0.16,0.08,0.28,0.36,2.61
910,336,,Sergey Tolchinsky,LW,CHA,21.616,59,7,7,9,14,23,109,6.42,0.12,0.12,0.15,0.24,0.39,1.85
870,267,,Ryan Haggerty,RW,WBS,23.535,58,11,7,5,18,23,103,10.68,0.19,0.12,0.09,0.31,0.4,1.78
302,286,,Derrick Pouliot,D,WBS,22.664,46,7,10,6,17,23,103,6.8,0.15,0.22,0.13,0.37,0.5,2.24
697,287,,Max Gortz,RW,SD/MIL,23.631,58,5,12,6,17,23,91,5.49,0.09,0.21,0.1,0.29,0.4,1.57
279,285,,Danny Kristo,RW,CHA/WBS/CHI,26.246,54,10,7,6,17,23,96,10.42,0.19,0.13,0.11,0.31,0.43,1.78
955,415,,Taylor Fedun,D,RCH,28.283,29,5,6,12,11,23,59,8.47,0.17,0.21,0.41,0.38,0.79,2.03
832,479,,Rasmus Andersson,D,STK,19.885,54,3,6,13,9,22,92,3.26,0.06,0.11,0.24,0.17,0.41,1.7
767,271,,Nick Sorensen,RW,SD,21.898000000000003,48,10,8,4,18,22,83,12.05,0.21,0.17,0.08,0.38,0.46,1.73
178,269,,Carter Bancks,RW,UTI,27.103,69,10,8,4,18,22,73,13.7,0.14,0.12,0.06,0.26,0.32,1.06
710,270,,Michael Latta,C,ONT/RFD,25.312,61,5,13,4,18,22,76,6.58,0.08,0.21,0.07,0.3,0.36,1.25
262,416,,Dan Catenacci,C,RCH/HFD,23.521,69,9,2,11,11,22,86,10.47,0.13,0.03,0.16,0.16,0.32,1.25
644,289,,Mario Lucia,LW,IA,23.059,44,9,8,5,17,22,60,15.0,0.2,0.18,0.11,0.39,0.5,1.36
1041,307,,Vojtech Mozik,D,ALB,23.721,65,11,5,6,16,22,150,7.33,0.17,0.08,0.09,0.25,0.34,2.31
915,339,,Shane Harper,LW,ALB/SPR,27.62,58,8,6,8,14,22,78,10.26,0.14,0.1,0.14,0.24,0.38,1.34
50,356,,Andrew Campbell,D,TOR,28.614,75,6,7,9,13,22,99,6.06,0.08,0.09,0.12,0.17,0.29,1.32
944,309,,Sven Andrighetto,C,STJ,23.489,20,8,8,6,16,22,62,12.9,0.4,0.4,0.3,0.8,1.1,3.1
118,288,,Brandon Bollig,LW,STK,29.624,60,11,6,5,17,22,80,13.75,0.18,0.1,0.08,0.28,0.37,1.33
483,418,,Joel Hanley,D,STJ,25.274,65,2,9,11,11,22,81,2.47,0.03,0.14,0.17,0.17,0.34,1.25
865,255,,Ryan Craig,LW,CLE,34.692,71,11,8,3,19,22,86,12.79,0.15,0.11,0.04,0.27,0.31,1.21
1070,338,,Zack Mitchell,RW,IA,23.688,62,11,3,8,14,22,76,14.47,0.18,0.05,0.13,0.23,0.35,1.23
1013,308,,Tyler Gaudet,C,TUC,23.45,62,6,10,6,16,22,115,5.22,0.1,0.16,0.1,0.26,0.35,1.85
833,417,,Reece Scarlett,D,ALB/SPR,23.461,51,5,6,11,11,22,88,5.68,0.1,0.12,0.22,0.22,0.43,1.73
773,321,,Nikita Jevpalovs,RW,SJ,22.018,65,13,2,6,15,21,85,15.29,0.2,0.03,0.09,0.23,0.32,1.31
480,311,,Joe Pendenza,C,CLE,25.816,62,9,7,5,16,21,93,9.68,0.15,0.11,0.08,0.26,0.34,1.5
587,227,,Kevin Rooney,C,ALB,23.321,71,13,8,0,21,21,111,11.71,0.18,0.11,0.0,0.3,0.3,1.56
562,357,,Kane Lafranchise,D,BRI,28.304,67,5,8,8,13,21,94,5.32,0.07,0.12,0.12,0.19,0.31,1.4
180,358,,Carter Rowney,RW,WBS,26.352,26,10,3,8,13,21,50,20.0,0.38,0.12,0.31,0.5,0.81,1.92
661,290,,Martin Lundberg,C,RFD,26.276,67,9,8,4,17,21,95,9.47,0.13,0.12,0.06,0.25,0.31,1.42
163,310,,Bryce Gervais,F,CHI,24.554,60,13,3,5,16,21,84,15.48,0.22,0.05,0.08,0.27,0.35,1.4
555,341,,Justin Kirkland,LW,MIL,20.121,56,9,5,7,14,21,74,12.16,0.16,0.09,0.12,0.25,0.38,1.32
183,340,,Casey Nelson,D,RCH,24.162,58,7,7,7,14,21,111,6.31,0.12,0.12,0.12,0.24,0.36,1.91
241,291,,Colton Beck,LW,IA,26.267,74,5,12,4,17,21,113,4.42,0.07,0.16,0.05,0.23,0.28,1.53
98,480,,Ben Thomas,D,SYR,20.302,71,3,6,12,9,21,78,3.85,0.04,0.08,0.17,0.13,0.3,1.1
1064,450,,Zach Palmquist,D,IA,25.769,72,2,8,11,10,21,72,2.78,0.03,0.11,0.15,0.14,0.29,1.0
386,322,,Griffin Reinhart,D,BAK,22.642,54,7,8,6,15,21,68,10.29,0.13,0.15,0.11,0.28,0.39,1.26
593,272,,Kris Newbury,C,CHA/BAK,34.572,52,11,7,2,18,20,77,14.29,0.21,0.13,0.04,0.35,0.38,1.48
919,452,,Shea Theodore,D,SD,21.12,26,5,5,10,10,20,90,5.56,0.19,0.19,0.38,0.38,0.77,3.46
814,292,,Peter Stoykewych,D,MB,24.173,72,5,12,3,17,20,128,3.91,0.07,0.17,0.04,0.24,0.28,1.78
719,344,,Mike Angelidis,C,STK,31.22,49,7,7,6,14,20,74,9.46,0.14,0.14,0.12,0.29,0.41,1.51
185,361,,Chad Billins,D,UTI,27.308000000000003,72,3,10,7,13,20,104,2.88,0.04,0.14,0.1,0.18,0.28,1.44
371,342,,Garrett Mitchell,RW,HER,25.038,71,10,4,6,14,20,70,14.29,0.14,0.06,0.08,0.2,0.28,0.99
951,451,,Tanner Kero,C,RFD,24.146,28,7,3,10,10,20,59,11.86,0.25,0.11,0.36,0.36,0.71,2.11
235,359,,Colin Campbell,RW,GR,25.416,57,9,4,7,13,20,127,7.09,0.16,0.07,0.12,0.23,0.35,2.23
536,384,,Jujhar Khaira,C,BAK,22.092,27,8,4,8,12,20,61,13.11,0.3,0.15,0.3,0.44,0.74,2.26
741,453,,Mirco Mueller,D,SJ,21.49,62,2,8,10,10,20,84,2.38,0.03,0.13,0.16,0.16,0.32,1.35
543,313,,Justin Auger,RW,ONT,22.341,61,11,5,4,16,20,121,9.09,0.18,0.08,0.07,0.26,0.33,1.98
19,293,,Adrian Kempe,LW,ONT,20.006,46,12,5,3,17,20,92,13.04,0.26,0.11,0.07,0.37,0.43,2.0
898,294,,Scott Glennie,RW,MB,25.564,45,7,10,3,17,20,61,11.48,0.16,0.22,0.07,0.38,0.44,1.36
595,419,,Kurtis MacDermid,D,ONT,22.478,58,6,5,9,11,20,88,6.82,0.1,0.09,0.16,0.19,0.34,1.52
991,323,,Travis St. Denis,RW,BRI,23.995,50,12,3,5,15,20,95,12.63,0.24,0.06,0.1,0.3,0.4,1.9
655,360,,Mark Olver,C,BAK/TUC,28.707,50,6,7,7,13,20,59,10.17,0.12,0.14,0.14,0.26,0.4,1.18
368,343,,Garnet Hathaway,RW,STK,24.814,31,8,6,6,14,20,81,9.88,0.26,0.19,0.19,0.45,0.65,2.61
938,312,,Steven Fogarty,C,HFD,23.409,66,7,9,4,16,20,63,11.11,0.11,0.14,0.06,0.24,0.3,0.95
421,383,,Jaime Sifers,D,CLE,33.66,74,6,6,8,12,20,112,5.36,0.08,0.08,0.11,0.16,0.27,1.51
939,420,,Steven Kampfer,D,HFD,27.976,43,4,7,8,11,19,99,4.04,0.09,0.16,0.19,0.26,0.44,2.3
213,325,,Chris Wagner,C,SD,25.306,30,12,3,4,15,19,69,17.39,0.4,0.1,0.13,0.5,0.63,2.3
582,365,,Kevin Labanc,RW,SJ,20.762,19,6,7,6,13,19,60,10.0,0.32,0.37,0.32,0.68,1.0,3.16
702,327,,Michael Bournival,LW,SYR,24.293000000000006,38,9,6,4,15,19,76,11.84,0.24,0.16,0.11,0.39,0.5,2.0
580,366,,Kevin Fiala,LW,MIL,20.151,22,7,6,6,13,19,76,9.21,0.32,0.27,0.27,0.59,0.86,3.45
711,315,,Michael McCarron,C,STJ,21.528,32,7,9,3,16,19,73,9.59,0.22,0.28,0.09,0.5,0.59,2.28
823,326,,Philip Samuelsson,D,CHA/STJ,25.142,65,4,11,4,15,19,82,4.88,0.06,0.17,0.06,0.23,0.29,1.26
132,316,,Brendan Lemieux,LW,MB,20.504,61,12,4,3,16,19,120,10.0,0.2,0.07,0.05,0.26,0.31,1.97
553,362,,Justin Holl,D,TOR,24.627,72,8,5,6,13,19,111,7.21,0.11,0.07,0.08,0.18,0.26,1.54
299,314,,Derek Grant,C,RCH,26.407,23,11,5,3,16,19,61,18.03,0.48,0.22,0.13,0.7,0.83,2.65
247,386,,Connor Jones,C,BRI,26.084,58,5,7,7,12,19,84,5.95,0.09,0.12,0.12,0.21,0.33,1.45
134,295,,Brendan Perlini,LW,TUC,20.386,17,14,3,2,17,19,49,28.57,0.82,0.18,0.12,1.0,1.12,2.88
431,297,,Jake Virtanen,RW,UTI,20.08,65,9,8,2,17,19,142,6.34,0.14,0.12,0.03,0.26,0.29,2.18
822,385,,Philip McRae,C,HFD,26.506,76,8,4,7,12,19,129,6.2,0.11,0.05,0.09,0.16,0.25,1.7
1009,296,,Tye McGinn,LW,SYR,26.133000000000006,21,10,7,2,17,19,50,20.0,0.48,0.33,0.1,0.81,0.9,2.38
1042,363,,Wacey Hamilton,C,UTI,26.016,67,9,4,6,13,19,81,11.11,0.13,0.06,0.09,0.19,0.28,1.21
196,364,,Chris Bigras,D,SA,21.564,45,5,8,6,13,19,73,6.85,0.11,0.18,0.13,0.29,0.42,1.62
7,328,,Adam Comrie,D,SYR,26.128,55,8,7,4,15,19,99,8.08,0.15,0.13,0.07,0.27,0.35,1.8
896,324,,Scott Allen,LW,BAK,26.196,57,8,7,4,15,19,80,10.0,0.14,0.12,0.07,0.26,0.33,1.4
735,455,,Mike Zalewski,C,UTI,24.077,54,5,5,8,10,18,84,5.95,0.09,0.09,0.15,0.19,0.33,1.56
1066,423,,Zach Redmond,D,STJ,28.14,26,4,7,7,11,18,60,6.67,0.15,0.27,0.27,0.42,0.69,2.31
612,347,,Levko Koper,LW,CHA,25.947,56,7,7,4,14,18,72,9.72,0.12,0.12,0.07,0.25,0.32,1.29
705,345,,Michael Carcone,LW,UTI,20.326,61,5,9,4,14,18,87,5.75,0.08,0.15,0.07,0.23,0.3,1.43
1023,503,,Tyler Wotherspoon,D,STK,23.513,56,6,2,10,8,18,72,8.33,0.11,0.04,0.18,0.14,0.32,1.29
771,329,,Nicolas Aube-Kubel,RW,LV,20.351,71,9,6,3,15,18,73,12.33,0.13,0.08,0.04,0.21,0.25,1.03
750,421,,Nathan Paetsch,D,GR,33.465,73,1,10,7,11,18,79,1.27,0.01,0.14,0.1,0.15,0.25,1.08
515,422,,Jordan Schroeder,LW,IA,25.964,25,6,5,7,11,18,65,9.23,0.24,0.2,0.28,0.44,0.72,2.6
498,505,,Jon   Landry,D,BRI,33.378,53,4,4,10,8,18,72,5.56,0.08,0.08,0.19,0.15,0.34,1.36
468,317,,Jimmy Lodge,RW,MB,21.534,63,8,8,2,16,18,66,12.12,0.13,0.13,0.03,0.25,0.29,1.05
374,388,,Garry Nunn,RW,SA,26.848000000000006,53,8,4,6,12,18,83,9.64,0.15,0.08,0.11,0.23,0.34,1.57
646,424,,Mark Barberio,D,STJ,26.484,20,3,8,7,11,18,45,6.67,0.15,0.4,0.35,0.55,0.9,2.25
311,367,,Dominic Turgeon,C,GR,20.556,71,6,7,5,13,18,79,7.59,0.08,0.1,0.07,0.18,0.25,1.11
636,346,,Magnus Paajarvi,LW,CHI,25.43,26,7,7,4,14,18,57,12.28,0.27,0.27,0.15,0.54,0.69,2.19
288,504,,David Musil,D,BAK/TUC,23.436,60,4,4,10,8,18,61,6.56,0.07,0.07,0.17,0.13,0.3,1.02
256,387,,Cristoval Nieves,C,HFD,22.645,40,6,6,6,12,18,55,10.91,0.15,0.15,0.15,0.3,0.45,1.38
186,456,,Chad Nehring,C,BNG,29.257,50,5,5,8,10,18,76,6.58,0.1,0.1,0.16,0.2,0.36,1.52
568,454,,Keegan Lowe,D,CHA/STJ,23.467,71,6,4,8,10,18,77,7.79,0.08,0.06,0.11,0.14,0.25,1.08
884,368,,Sahir Gill,C,WBS,24.403,44,6,7,5,13,18,33,18.18,0.14,0.16,0.11,0.3,0.41,0.75
809,369,,Paul LaDue,D,ONT,24.025,38,6,7,5,13,18,80,7.5,0.16,0.18,0.13,0.34,0.47,2.11
873,370,,Ryan Johnston,D,STJ,24.586,50,5,8,5,13,18,69,7.25,0.1,0.16,0.1,0.26,0.36,1.38
627,389,,Luke Johnson,C,RFD,21.991,73,8,4,5,12,17,134,5.97,0.11,0.05,0.07,0.16,0.23,1.84
763,330,,Nick Moutrey,LW,CLE,21.23,61,8,7,2,15,17,91,8.79,0.13,0.11,0.03,0.25,0.28,1.49
648,482,,Mark Fayne,D,BAK,29.339,39,3,6,8,9,17,40,7.5,0.08,0.15,0.21,0.23,0.44,1.03
876,372,,Ryan MacInnis,C,TUC,20.586,68,8,5,4,13,17,76,10.53,0.12,0.07,0.06,0.19,0.25,1.12
967,391,,Tim Erixon,D,WBS,25.586,54,4,8,5,12,17,100,4.0,0.07,0.15,0.09,0.22,0.31,1.85
1016,506,,Tyler Lewington,D,HER,21.78,72,4,4,9,8,17,67,5.97,0.06,0.06,0.12,0.11,0.24,0.93
872,425,,Ryan Horvat,LW,SPR,23.598000000000006,47,5,6,6,11,17,70,7.14,0.11,0.13,0.13,0.23,0.36,1.49
1017,371,,Tyler Morley,C,SD,24.742,48,5,8,4,13,17,87,5.75,0.1,0.17,0.08,0.27,0.35,1.81
331,331,,Emile Poirier,RW,STK,21.755,43,6,9,2,15,17,75,8.0,0.14,0.21,0.05,0.35,0.4,1.74
340,457,,Erik Burgdoerfer,D,RCH,27.762,52,1,9,7,10,17,64,1.56,0.02,0.17,0.13,0.19,0.33,1.23
563,481,,Karl Stollery,D,ALB,28.819000000000006,59,1,8,8,9,17,77,1.3,0.02,0.14,0.14,0.15,0.29,1.31
4,458,,Aaron Ness,D,HER,26.33,51,5,5,7,10,17,75,6.67,0.1,0.1,0.14,0.2,0.33,1.47
396,373,,Henri Ikonen,LW,SYR,22.415,54,6,7,4,13,17,64,9.38,0.11,0.13,0.07,0.24,0.31,1.19
802,390,,Patrick Russell,RW,BAK,23.697,68,8,4,5,12,17,150,5.33,0.12,0.06,0.07,0.18,0.25,2.21
903,298,,Scott Sabourin,RW,SD,24.129,54,8,9,0,17,17,89,8.99,0.15,0.17,0.0,0.31,0.31,1.65
201,395,,Chris Carlisle,D,BNG,21.75,74,3,9,4,12,16,71,4.23,0.04,0.12,0.05,0.16,0.22,0.96
993,483,,Trevor Carrick,D,CHA,22.202,57,4,5,7,9,16,123,3.25,0.07,0.09,0.12,0.16,0.28,2.16
229,427,,Colby Williams,D,HER,21.638,60,4,7,5,11,16,34,11.76,0.07,0.12,0.08,0.18,0.27,0.57
394,374,,Harry Zolnierczyk,LW,MIL,29.041,24,6,7,3,13,16,47,12.77,0.25,0.29,0.12,0.54,0.67,1.96
830,394,,Radel Fazleev,LW,LV,20.69,65,6,6,4,12,16,54,11.11,0.09,0.09,0.06,0.18,0.25,0.83
405,509,,Ian McCoshen,D,SPR,21.115,68,4,4,8,8,16,91,4.4,0.06,0.06,0.12,0.12,0.24,1.34
73,332,,Anthony Richard,LW,MIL,19.738,55,4,11,1,15,16,78,5.13,0.07,0.2,0.02,0.27,0.29,1.42
1018,318,,Tyler Motte,LW,RFD,21.52,43,10,6,0,16,16,127,7.87,0.23,0.14,0.0,0.37,0.37,2.95
66,546,,Anthony DeAngelo,D,TUC,20.896,25,3,4,9,7,16,50,6.0,0.12,0.16,0.36,0.28,0.64,2.0
1068,392,,Zach Sill,C,HER,28.313,67,7,5,4,12,16,69,10.14,0.1,0.07,0.06,0.18,0.24,1.03
908,580,,Sergei Boikov,D,SA,20.644,63,3,3,10,6,16,92,3.26,0.05,0.05,0.16,0.1,0.25,1.46
623,508,,Ludwig Bystrom,D,TEX,22.158,55,2,6,8,8,16,56,3.57,0.04,0.11,0.15,0.15,0.29,1.02
296,459,,Dennis Robertson,D,CHA,25.315,65,6,4,6,10,16,94,6.38,0.09,0.06,0.09,0.15,0.25,1.45
144,429,,Brett Lernout,D,STJ,20.978,74,3,8,5,11,16,95,3.16,0.04,0.11,0.07,0.15,0.22,1.28
894,484,,Samuel Morin,D,LV,21.18,74,3,6,7,9,16,110,2.73,0.04,0.08,0.09,0.12,0.22,1.49
1054,428,,Yannick Veilleux,LW,STJ,23.562,53,6,5,5,11,16,55,10.91,0.11,0.09,0.09,0.21,0.3,1.04
345,647,,Ethan Prow,D,WBS,23.828000000000007,59,1,3,12,4,16,71,1.41,0.02,0.05,0.2,0.07,0.27,1.2
566,461,,Keaton Thompson,D,SD,21.005,52,4,6,6,10,16,84,4.76,0.08,0.12,0.12,0.19,0.31,1.62
817,507,,Petteri Lindbohm,D,CHI,22.979,52,8,0,8,8,16,75,10.67,0.15,0.0,0.15,0.15,0.31,1.44
1067,375,,Zach Sanford,C,HER,21.851,25,11,2,3,13,16,63,17.46,0.44,0.08,0.12,0.52,0.64,2.52
977,396,,Tom Sestito,LW,WBS,28.967,33,6,6,4,12,16,34,17.65,0.18,0.18,0.12,0.36,0.48,1.03
972,393,,Tobias Lindberg,RW,TOR,21.153,44,6,6,4,12,16,68,8.82,0.14,0.14,0.09,0.27,0.36,1.55
187,397,,Chad Ruhwedel,D,WBS,26.361,28,4,8,4,12,16,75,5.33,0.14,0.29,0.14,0.43,0.57,2.68
265,460,,Dan Renouf,D,GR,22.292,67,3,7,6,10,16,50,6.0,0.04,0.1,0.09,0.15,0.24,0.75
1056,376,,Zac Dalpe,C,CLE/IA,26.873,32,10,3,3,13,16,90,11.11,0.31,0.09,0.09,0.41,0.5,2.81
93,349,,Ben Holmstrom,C,BRI,29.438,76,7,7,2,14,16,94,7.45,0.09,0.09,0.03,0.18,0.21,1.24
357,462,,Frank Corrado,D,WBS/TOR,23.475,35,2,8,6,10,16,79,2.53,0.06,0.23,0.17,0.29,0.46,2.26
75,348,,Anton Blidh,LW,PRO,21.509,53,10,4,2,14,16,110,9.09,0.19,0.08,0.04,0.26,0.3,2.08
521,426,,Joseph LaBate,LW,UTI,23.417,38,6,5,5,11,16,66,9.09,0.16,0.13,0.13,0.29,0.42,1.74
728,401,,Mike McMurtry,C,TEX,21.29,47,7,5,3,12,15,55,12.73,0.15,0.11,0.06,0.26,0.32,1.17
859,350,,Ross Johnston,LW,BRI,22.574,62,8,6,1,14,15,48,16.67,0.13,0.1,0.02,0.23,0.24,0.77
52,403,,Andrew Crescenzi,C,ONT,24.132,56,7,5,3,12,15,62,11.29,0.12,0.09,0.05,0.21,0.27,1.11
927,402,,Stefan  Noesen,RW,SD,23.59,22,6,6,3,12,15,55,10.91,0.27,0.27,0.14,0.55,0.68,2.5
276,404,,Daniel Pribyl,C,STK,23.743,33,5,7,3,12,15,55,9.09,0.15,0.21,0.09,0.36,0.45,1.67
699,400,,Max Novak,C,ALB,25.421,63,7,5,3,12,15,86,8.14,0.11,0.08,0.05,0.19,0.24,1.37
701,464,,Maxime Fortunus,D,IA,33.137,64,4,6,5,10,15,65,6.15,0.06,0.09,0.08,0.16,0.23,1.02
610,398,,Landon Ferraro,C,CHI,25.107,22,7,5,3,12,15,57,12.28,0.32,0.23,0.14,0.55,0.68,2.59
950,485,,Tanner Glass,LW,HFD,32.797,57,6,3,6,9,15,43,13.95,0.11,0.05,0.11,0.16,0.26,0.75
274,430,,Daniel Muzito-Bagenda,LW,RCH,20.25,61,9,2,4,11,15,64,14.06,0.15,0.03,0.07,0.18,0.25,1.05
277,511,,Daniel Walcott,D,SYR,22.571,55,4,4,7,8,15,65,6.15,0.07,0.07,0.13,0.15,0.27,1.18
457,547,,Jeff Schultz,D,SD,30.555,65,0,7,8,7,15,54,0.0,0.0,0.11,0.12,0.11,0.23,0.83
571,432,,Kellen Jones,LW,BRI,26.084,58,6,5,4,11,15,76,7.89,0.1,0.09,0.07,0.19,0.26,1.31
427,399,,Jake Dowell,C,RFD,31.535,66,4,8,3,12,15,48,8.33,0.06,0.12,0.05,0.18,0.23,0.73
838,378,,Reid Petryk,RW,SA,23.617,45,10,3,2,13,15,46,21.74,0.22,0.07,0.04,0.29,0.33,1.02
1014,407,,Tyler Graovac,C,IA,23.387,26,10,2,3,12,15,65,15.38,0.38,0.08,0.12,0.46,0.58,2.5
753,433,,Nic Kerdiles,LW,SD,22.678,27,7,4,4,11,15,83,8.43,0.26,0.15,0.15,0.41,0.56,3.07
800,510,,Patrick McNally,D,SJ,24.784,59,3,5,7,8,15,72,4.17,0.05,0.08,0.12,0.14,0.25,1.22
420,406,,Jaedon Descheneau,RW,BAK,21.564,38,6,6,3,12,15,48,12.5,0.16,0.16,0.08,0.32,0.39,1.26
122,463,,Brandon Gormley,D,ALB/BNG,24.575,52,4,6,5,10,15,72,5.56,0.08,0.12,0.1,0.19,0.29,1.38
83,377,,Austin Carroll,RW,STK,22.475,46,7,6,2,13,15,54,12.96,0.15,0.13,0.04,0.28,0.33,1.17
964,405,,Tim Bozon,LW,SPR,22.481,43,8,4,3,12,15,57,14.04,0.19,0.09,0.07,0.28,0.35,1.33
851,431,,Robert Hagg,D,LV,21.602,58,7,4,4,11,15,90,7.78,0.12,0.07,0.07,0.19,0.26,1.55
888,466,,Sam Herr,LW,ONT,23.924,61,8,2,4,10,14,89,8.99,0.13,0.03,0.07,0.16,0.23,1.46
973,469,,Tom Gilbert,D,HER/ONT,33.681999999999995,30,3,7,4,10,14,35,8.57,0.1,0.23,0.13,0.33,0.47,1.17
284,434,,Darren Dietz,D,HER/TEX,23.165,52,6,5,3,11,14,49,12.24,0.12,0.1,0.06,0.21,0.27,0.94
153,581,,Brian Strait,D,MB,28.699,58,2,4,8,6,14,84,2.38,0.03,0.07,0.14,0.1,0.24,1.45
442,408,,Jan Mandat,C,ALB,20.827,52,6,6,2,12,14,61,9.84,0.12,0.12,0.04,0.23,0.27,1.17
936,436,,Steve Oleksy,D,WBS/TOR,30.613000000000003,36,4,7,3,11,14,64,6.25,0.11,0.19,0.08,0.31,0.39,1.78
713,465,,Michael Paliotta,D,HFD,23.445,52,1,9,4,10,14,94,1.06,0.02,0.17,0.08,0.19,0.27,1.81
249,470,,Conor Garland,RW,TUC,20.515,55,5,5,4,10,14,79,6.33,0.09,0.09,0.07,0.18,0.25,1.44
334,409,,Eric Cornel,RW,RCH,20.43,67,5,7,2,12,14,49,10.2,0.07,0.1,0.03,0.18,0.21,0.73
779,437,,Noel Acciari,C,PRO,24.792,30,6,5,3,11,14,65,9.23,0.2,0.17,0.1,0.37,0.47,2.17
1072,438,,Zbynek Michalek,D,TUC,33.731,43,6,5,3,11,14,90,6.67,0.14,0.12,0.07,0.26,0.33,2.09
861,435,,Ryan Bourque,LW,HER,25.701,53,4,7,3,11,14,62,6.45,0.08,0.13,0.06,0.21,0.26,1.17
635,548,,Madison Bowey,D,HER,21.402,34,3,4,7,7,14,69,4.35,0.09,0.12,0.21,0.21,0.41,2.03
306,512,,Dillon Heatherington,D,CLE/TEX,21.356,60,3,5,6,8,14,109,2.75,0.05,0.08,0.1,0.13,0.23,1.82
382,487,,Greg Chase,LW,BAK,21.706,48,3,6,5,9,14,60,5.0,0.06,0.12,0.1,0.19,0.29,1.25
47,467,,Andrej Nestrasil,F,CHA,25.564,39,5,5,4,10,14,69,7.25,0.13,0.13,0.1,0.26,0.36,1.77
801,468,,Patrick Mullen,D,RCH,30.363000000000003,27,4,6,4,10,14,40,10.0,0.15,0.22,0.15,0.37,0.52,1.48
461,486,,Jeremy Langlois,C,RFD,26.289,66,8,1,5,9,14,94,8.51,0.12,0.02,0.08,0.14,0.21,1.42
362,410,,Frederik Gauthier,C,TOR,21.391,46,4,8,1,12,13,51,7.84,0.09,0.17,0.02,0.26,0.28,1.11
538,516,,Julien Brouillette,D,STJ,29.78,57,3,5,5,8,13,73,4.11,0.05,0.09,0.09,0.14,0.23,1.28
170,441,,Caleb Herbert,RW,TEX,24.929,35,8,3,2,11,13,49,16.33,0.23,0.09,0.06,0.31,0.37,1.4
1055,519,,Yohann Auvitu,D,ALB,27.138,29,5,3,5,8,13,82,6.1,0.17,0.1,0.17,0.28,0.45,2.83
706,584,,Michael Chaput,C,UTI,24.436,10,2,4,7,6,13,18,11.11,0.2,0.4,0.7,0.6,1.3,1.8
700,473,,Maxim Lamarche,D,LV,24.181,26,4,6,3,10,13,25,16.0,0.15,0.23,0.12,0.38,0.5,0.96
921,649,,Slater Koekkoek,D,SYR,22.574,48,2,2,9,4,13,93,2.15,0.04,0.04,0.19,0.08,0.27,1.94
815,489,,Petr Straka,LW,ALB,24.252,38,4,5,4,9,13,64,6.25,0.11,0.13,0.11,0.24,0.34,1.68
525,440,,Josh Brown,D,SPR,22.651,72,3,8,2,11,13,54,5.56,0.04,0.11,0.03,0.15,0.18,0.75
174,585,,Cameron Gaunce,D,WBS,26.495,49,2,4,7,6,13,71,2.82,0.04,0.08,0.14,0.12,0.27,1.45
695,513,,Mattias Backman,D,HER/TEX,23.951,46,4,4,5,8,13,54,7.41,0.09,0.09,0.11,0.17,0.28,1.17
254,549,,Craig Cunningham,RW,TUC,26.007,11,4,3,6,7,13,27,14.81,0.36,0.27,0.55,0.64,1.18,2.45
77,550,,Anton Lindholm,D,SA,21.796,62,2,5,6,7,13,48,4.17,0.03,0.08,0.1,0.11,0.21,0.77
410,648,,Jack Dougherty,D,MIL,20.31,75,2,2,9,4,13,77,2.6,0.03,0.03,0.12,0.05,0.17,1.03
668,517,,Mathieu Brodeur,D,SYR,26.237,56,3,5,5,8,13,60,5.0,0.05,0.09,0.09,0.14,0.23,1.07
426,488,,Jake Dotchin,D,SYR,22.481,35,4,5,4,9,13,57,7.02,0.11,0.14,0.11,0.26,0.37,1.63
752,582,,Nelson Nogier,D,MB,20.304,60,2,4,7,6,13,87,2.3,0.03,0.07,0.12,0.1,0.22,1.45
732,583,,Mike Sgarbossa,C,SD/SPR,24.143,16,5,1,7,6,13,29,17.24,0.31,0.06,0.44,0.38,0.81,1.81
848,586,,Rob O'Gara,D,PRO,23.196,59,4,2,7,6,13,61,6.56,0.07,0.03,0.12,0.1,0.22,1.03
845,514,,Rinat Valiev,D,TOR,21.35,47,3,5,5,8,13,74,4.05,0.06,0.11,0.11,0.17,0.28,1.57
857,439,,Rod Pelley,C,ALB,32.039,71,6,5,2,11,13,80,7.5,0.08,0.07,0.03,0.15,0.18,1.13
438,518,,Jamie Devane,LW,STK,25.569000000000006,43,4,4,5,8,13,48,8.33,0.09,0.09,0.12,0.19,0.3,1.12
725,515,,Mike Downing,D,SPR,21.328000000000007,67,2,6,5,8,13,114,1.75,0.03,0.09,0.07,0.12,0.19,1.7
639,442,,Marc-Andre Bergeron,D,CLE,35.924,22,5,6,2,11,13,45,11.11,0.23,0.27,0.09,0.5,0.59,2.05
652,411,,Mark MacMillan,C,STJ,24.603,58,6,6,1,12,13,56,10.71,0.1,0.1,0.02,0.21,0.22,0.97
139,472,,Brent Regner,D,SPR,27.333,28,2,8,3,10,13,68,2.94,0.07,0.29,0.11,0.36,0.46,2.43
301,471,,Derek Ryan,C,CHA,29.742,9,5,5,3,10,13,28,17.86,0.56,0.56,0.33,1.11,1.44,3.11
202,607,,Chris Casto,D,PRO,24.721,59,1,4,7,5,12,86,1.16,0.02,0.07,0.12,0.08,0.2,1.46
469,608,,Jimmy Oligny,D,MIL,23.379,66,1,4,7,5,12,88,1.14,0.02,0.06,0.11,0.08,0.18,1.33
852,476,,Robin Kovacs,LW,HFD,19.831,72,2,8,2,10,12,50,4.0,0.03,0.11,0.03,0.14,0.17,0.69
211,525,,Chris Summers,D,HFD,28.611,74,4,4,4,8,12,78,5.13,0.05,0.05,0.05,0.11,0.16,1.05
460,413,,Jeremy Gregoire,C,STJ,21.03,56,9,3,0,12,12,73,12.33,0.16,0.05,0.0,0.21,0.21,1.3
794,493,,Patrick Bjorkstrand,C,ONT,24.291,42,8,1,3,9,12,50,16.0,0.19,0.02,0.07,0.21,0.29,1.19
456,475,,Jeff Hoggan,LW,IA,38.621,61,7,3,2,10,12,95,7.37,0.11,0.05,0.03,0.16,0.2,1.56
57,524,,Andrew O'Brien,D,SD/MIL,23.817,42,2,6,4,8,12,73,2.74,0.05,0.14,0.1,0.19,0.29,1.74
5,474,,Aaron Palushaj,RW,CLE,27.023000000000003,28,3,7,2,10,12,50,6.0,0.11,0.25,0.07,0.36,0.43,1.79
803,553,,Patrick Sieloff,D,BNG,22.339,52,2,5,5,7,12,43,4.65,0.04,0.1,0.1,0.13,0.23,0.83
399,445,,Hudson Fasching,RW,RCH,21.137,37,8,3,1,11,12,64,12.5,0.22,0.08,0.03,0.3,0.32,1.73
787,444,,Ondrej Kase,RW,SD,20.855,14,6,5,1,11,12,37,16.22,0.43,0.36,0.07,0.79,0.86,2.64
112,551,,Brady Austin,D,RCH,23.25,72,4,3,5,7,12,81,4.94,0.06,0.04,0.07,0.1,0.17,1.12
685,554,,Matt MacKenzie,D,SPR,24.92,38,4,3,5,7,12,62,6.45,0.11,0.08,0.13,0.18,0.32,1.63
85,492,,Austin Fyten,C,TEX,25.372,59,6,3,3,9,12,58,10.34,0.1,0.05,0.05,0.15,0.2,0.98
90,523,,Barry Goers,D,WBS,30.257,37,4,4,4,8,12,52,7.69,0.11,0.11,0.11,0.22,0.32,1.41
895,490,,Scooter Vaughan,F,CHI,27.439,60,6,3,3,9,12,61,9.84,0.1,0.05,0.05,0.15,0.2,1.02
24,446,,Alex Belzile,C,SA,25.044,45,5,6,1,11,12,78,6.41,0.11,0.13,0.02,0.24,0.27,1.73
708,447,,Michael Joly,RW,HFD,21.367,28,6,5,1,11,12,23,26.09,0.21,0.18,0.04,0.39,0.43,0.82
874,443,,Ryan Kujawinski,C,ALB,21.465,32,6,5,1,11,12,41,14.63,0.19,0.16,0.03,0.34,0.38,1.28
27,520,,Alex Friesen,C,CHI,25.627,76,3,5,4,8,12,76,3.95,0.04,0.07,0.05,0.11,0.16,1.0
883,650,,Ryan Stanton,D,CLE/SA,27.157,48,2,2,8,4,12,63,3.17,0.04,0.04,0.17,0.08,0.25,1.31
336,555,,Eric Gelinas,D,SA,25.358,27,3,4,5,7,12,60,5.0,0.11,0.15,0.19,0.26,0.44,2.22
748,552,,Nate Guenin,D,SD,33.767,56,2,5,5,7,12,64,3.12,0.04,0.09,0.09,0.12,0.21,1.14
259,522,,Dakota Mermis,D,TUC,22.695,67,2,6,4,8,12,69,2.9,0.03,0.09,0.06,0.12,0.18,1.03
573,491,,Kenney Morrison,D,STK,24.589,51,4,5,3,9,12,91,4.4,0.08,0.1,0.06,0.18,0.24,1.78
294,556,,Denis Malgin,F,SPR,19.658,15,3,4,5,7,12,29,10.34,0.2,0.27,0.33,0.47,0.8,1.93
1027,521,,Tyson Strachan,D,RCH,31.877,61,1,7,4,8,12,62,1.61,0.02,0.11,0.07,0.13,0.2,1.02
298,412,,Derek Army,C,MIL,25.435,37,7,5,0,12,12,55,12.73,0.19,0.14,0.0,0.32,0.32,1.49
454,477,,Jean Dupuy,C,RCH,21.944000000000006,46,3,7,2,10,12,64,4.69,0.07,0.15,0.04,0.22,0.26,1.39
597,414,,Kyle Bonis,LW,RCH,27.582,52,10,2,0,12,12,63,15.87,0.19,0.04,0.0,0.23,0.23,1.21
632,527,,Mackenzie MacEachern,LW,CHI,22.522,55,5,3,3,8,11,69,7.25,0.09,0.05,0.05,0.15,0.2,1.25
645,530,,Mark Alt,D,LV,24.912,40,1,7,3,8,11,48,2.08,0.03,0.17,0.07,0.2,0.28,1.2
307,589,,Dillon Simpson,D,BAK,23.595,53,3,3,5,6,11,58,5.17,0.06,0.06,0.09,0.11,0.21,1.09
535,496,,Juho Lammikko,C,SPR,20.63,47,6,3,2,9,11,63,9.52,0.13,0.06,0.04,0.19,0.23,1.34
402,497,,Hunter Smith,RW,STK,21.013,34,3,6,2,9,11,32,9.38,0.09,0.18,0.06,0.26,0.32,0.94
879,494,,Ryan Olsen,C,MB,22.478,56,7,2,2,9,11,67,10.45,0.12,0.04,0.04,0.16,0.2,1.2
234,498,,Colin Blackwell,C,SJ,23.469,57,4,5,2,9,11,87,4.6,0.07,0.09,0.04,0.16,0.19,1.53
231,495,,Cole Cassels,C,UTI,21.369,66,6,3,2,9,11,73,8.22,0.09,0.05,0.03,0.14,0.17,1.11
858,588,,Roland McKeown,D,CHA,20.655,71,1,5,5,6,11,125,0.8,0.01,0.07,0.07,0.08,0.15,1.76
176,528,,Carl Dahlstrom,D,RFD,21.632,70,6,2,3,8,11,102,5.88,0.09,0.03,0.04,0.11,0.16,1.46
152,526,,Brian Lashoff,D,GR,26.169,62,3,5,3,8,11,73,4.11,0.05,0.08,0.05,0.13,0.18,1.18
119,610,,Brandon Burlon,D,TUC,26.533,33,3,2,6,5,11,20,15.0,0.09,0.06,0.18,0.15,0.33,0.61
115,557,,Branden Troock,RW,TUC/TEX,22.492,30,4,3,4,7,11,43,9.3,0.13,0.1,0.13,0.23,0.37,1.43
398,609,,Hubert Labrie,D,HER,25.181,70,3,2,6,5,11,43,6.98,0.04,0.03,0.09,0.07,0.16,0.61
248,651,,Conor Allen,D,GR,26.623,56,1,3,7,4,11,47,2.13,0.02,0.05,0.12,0.07,0.2,0.84
270,499,,Daniel Carr,LW,STJ,24.874,19,6,3,2,9,11,51,11.76,0.32,0.16,0.11,0.47,0.58,2.68
727,529,,Mike Liambas,LW,MIL,27.579,72,3,5,3,8,11,62,4.84,0.04,0.07,0.04,0.11,0.15,0.86
437,611,,James Wisniewski,D,CHI,32.567,21,4,1,6,5,11,29,13.79,0.19,0.05,0.29,0.24,0.52,1.38
446,700,,Jarred Tinordi,D,TUC,24.57,64,1,2,8,3,11,79,1.27,0.02,0.03,0.12,0.05,0.17,1.23
447,448,,Jarrett Burton,C,WBS,25.712,39,7,4,0,11,11,37,18.92,0.18,0.1,0.0,0.28,0.28,0.95
1031,587,,Viktor Svedberg,D,RFD,25.315,51,2,4,5,6,11,106,1.89,0.04,0.08,0.1,0.12,0.22,2.08
736,558,,Mikkel Aagaard,C,STK,20.912,25,5,2,4,7,11,31,16.13,0.2,0.08,0.16,0.28,0.44,1.24
1020,612,,Tyler Randell,RW,PRO,25.254,59,1,4,5,5,10,52,1.92,0.02,0.07,0.08,0.08,0.17,0.88
638,501,,Marc Hagel,RW,IA/BNG,28.036,53,2,7,1,9,10,80,2.5,0.04,0.13,0.02,0.17,0.19,1.51
9,560,,Adam Gilmour,C,IA,22.629,52,4,3,3,7,10,62,6.45,0.08,0.06,0.06,0.13,0.19,1.19
22,536,,Aleksi Saarela,C,CHA,19.688,9,6,2,2,8,10,17,35.29,0.67,0.22,0.22,0.89,1.11,1.89
33,590,,Alex Lintuniemi,D,ONT,20.981,41,2,4,4,6,10,35,5.71,0.05,0.1,0.1,0.15,0.24,0.85
222,534,,Cody Corbett,D,SA,22.755,23,2,6,2,8,10,41,4.88,0.09,0.26,0.09,0.35,0.43,1.78
143,701,,Brett Kulak,D,STK,22.692,22,2,1,7,3,10,37,5.41,0.09,0.05,0.32,0.14,0.45,1.68
148,565,,Brian Cooper,D,SD,22.872,37,4,3,3,7,10,48,8.33,0.11,0.08,0.08,0.19,0.27,1.3
71,531,,Anthony Mantha,LW,GR,21.999,10,8,0,2,8,10,34,23.53,0.8,0.0,0.2,0.8,1.0,3.4
45,561,,Andreas Englund,D,BNG,20.652,69,3,4,3,7,10,47,6.38,0.04,0.06,0.04,0.1,0.14,0.68
594,502,,Kurtis Gabriel,RW,IA,23.406,49,8,1,1,9,10,61,13.11,0.16,0.02,0.02,0.18,0.2,1.24
99,478,,Ben Thomson,LW,ALB,23.664,72,6,4,0,10,10,113,5.31,0.08,0.06,0.0,0.14,0.14,1.57
60,532,,Andrey Pedan,D,UTI,23.204,52,5,3,2,8,10,107,4.67,0.1,0.06,0.04,0.15,0.19,2.06
79,563,,Anton Slepyshev,LW,BAK,22.344,9,3,4,3,7,10,31,9.68,0.33,0.44,0.33,0.78,1.11,3.44
1005,535,,Ty Loney,RW,CHI/ALB,24.543000000000006,24,4,4,2,8,10,45,8.89,0.17,0.17,0.08,0.33,0.42,1.88
244,500,,Conner Bleackley,C,CHI,20.605,45,2,7,1,9,10,32,6.25,0.04,0.16,0.02,0.2,0.22,0.71
459,533,,Jere Sallinen,C,BAK,25.89,53,4,4,2,8,10,67,5.97,0.08,0.08,0.04,0.15,0.19,1.26
841,591,,Richard Clune,LW,TOR,29.394,37,3,3,4,6,10,22,13.64,0.08,0.08,0.11,0.16,0.27,0.59
366,537,,Gabriel Dumont,C,SYR,25.944000000000006,20,5,3,2,8,10,50,10.0,0.25,0.15,0.1,0.4,0.5,2.5
837,592,,Reid McNeill,D,WBS/CHI,24.381,61,3,3,4,6,10,74,4.05,0.05,0.05,0.07,0.1,0.16,1.21
672,559,,Matt Bartkowski,D,PRO,28.283,34,2,5,3,7,10,59,3.39,0.06,0.15,0.09,0.21,0.29,1.74
658,564,,Markus Eisenschmid,C,STJ,21.649,39,6,1,3,7,10,60,10.0,0.15,0.03,0.08,0.18,0.26,1.54
868,562,,Ryan Garbutt,LW,SD,31.094,28,4,3,3,7,10,56,7.14,0.14,0.11,0.11,0.25,0.36,2.0
290,613,,David Shields,D,UTI,25.635,48,0,5,5,5,10,45,0.0,0.0,0.1,0.1,0.1,0.21,0.94
1049,568,,William Wrenn,D,TOR,25.504,39,3,4,2,7,9,41,7.32,0.08,0.1,0.05,0.18,0.23,1.05
464,596,,Jesse Graham,D,BRI,22.344,19,2,4,3,6,9,37,5.41,0.11,0.21,0.16,0.32,0.47,1.95
1057,540,,Zac Larraza,LW,SD,23.554,17,5,3,1,8,9,14,35.71,0.29,0.18,0.06,0.47,0.53,0.82
530,614,,Josh Jacobs,D,ALB,20.584,49,0,5,4,5,9,62,0.0,0.0,0.1,0.08,0.1,0.18,1.27
631,653,,Mac Bennett,D,RCH,25.479,46,3,1,5,4,9,54,5.56,0.07,0.02,0.11,0.09,0.2,1.17
744,616,,Mitch Moroz,LW,BAK/TUC,22.371,41,4,1,4,5,9,34,11.76,0.1,0.02,0.1,0.12,0.22,0.83
418,655,,Jacob Middleton,D,SJ,20.704,50,1,3,5,4,9,43,2.33,0.02,0.06,0.1,0.08,0.18,0.86
765,569,,Nick Schmaltz,RW,RFD,20.562,12,6,1,2,7,9,32,18.75,0.5,0.08,0.17,0.58,0.75,2.67
769,566,,Nick Tarnasky,LW,SD,31.806,32,4,3,2,7,9,39,10.26,0.12,0.09,0.06,0.22,0.28,1.22
559,570,,Justin Vaive,LW,RCH,27.19,66,3,4,2,7,9,65,4.62,0.05,0.06,0.03,0.11,0.14,0.98
887,595,,Sam Henley,C,SA,23.144,55,3,3,3,6,9,46,6.52,0.05,0.05,0.05,0.11,0.16,0.84
620,538,,Louis-Marc Aubry,C,GR,24.847,36,4,4,1,8,9,59,6.78,0.11,0.11,0.03,0.22,0.25,1.64
976,594,,Tom Parisi,D,STJ,23.171,45,1,5,3,6,9,56,1.79,0.02,0.11,0.07,0.13,0.2,1.24
127,597,,Brandon Tanev,LW,MB,24.71,23,2,4,3,6,9,48,4.17,0.09,0.17,0.13,0.26,0.39,2.09
349,593,,Evan Mosey,RW,RFD,27.5,41,4,2,3,6,9,63,6.35,0.1,0.05,0.07,0.15,0.22,1.54
338,567,,Eric Selleck,RW,TUC,28.907,46,5,2,2,7,9,65,7.69,0.11,0.04,0.04,0.15,0.2,1.41
158,539,,Brody Sutter,C,SPR,24.972,19,4,4,1,8,9,29,13.79,0.21,0.21,0.05,0.42,0.47,1.53
853,652,,Robin Norell,D,RFD,21.575,65,1,3,5,4,9,42,2.38,0.02,0.05,0.08,0.06,0.14,0.65
808,617,,Paul Geiger,D,RCH,24.135,49,3,2,4,5,9,51,5.88,0.06,0.04,0.08,0.1,0.18,1.04
159,615,,Brooks Laich,C,TOR,33.233000000000004,27,1,4,4,5,9,23,4.35,0.04,0.15,0.15,0.19,0.33,0.85
912,654,,Seth Helgeson,D,ALB,25.939,48,2,2,5,4,9,51,3.92,0.04,0.04,0.1,0.08,0.19,1.06
917,575,,Shawn Ouellette-St. Amant,RW,SA,19.825,28,3,4,1,7,8,35,8.57,0.11,0.14,0.04,0.25,0.29,1.25
734,572,,Mike Weber,D,IA,28.751,56,1,6,1,7,8,62,1.61,0.02,0.11,0.02,0.12,0.14,1.11
1060,622,,Zach Aston-Reese,RW,WBS,22.1,10,3,2,3,5,8,25,12.0,0.3,0.2,0.3,0.5,0.8,2.5
740,545,,Miles Wood,LW,ALB,21.008000000000006,15,4,4,0,8,8,42,9.52,0.27,0.27,0.0,0.53,0.53,2.8
943,623,,Stuart Percy,D,WBS,23.33,37,1,4,3,5,8,43,2.33,0.03,0.11,0.08,0.14,0.22,1.16
1028,573,,Vaclav Karabacek,RW,RCH,20.373,23,3,4,1,7,8,25,12.0,0.13,0.17,0.04,0.3,0.35,1.09
628,543,,Luke Kunin,C,IA,18.782,12,5,3,0,8,8,35,14.29,0.42,0.25,0.0,0.67,0.67,2.92
825,571,,Pierre-Cedric Labrie,LW,RFD,30.262,52,1,6,1,7,8,73,1.37,0.02,0.12,0.02,0.13,0.15,1.4
781,619,,Nolan Valleau,D,RFD,23.833,46,3,2,3,5,8,70,4.29,0.07,0.04,0.07,0.11,0.17,1.52
537,598,,Julian Melchiori,D,MB,24.778,40,2,4,2,6,8,89,2.25,0.05,0.1,0.05,0.15,0.2,2.23
223,657,,Cody Goloubef,D,CLE/SA,26.793000000000006,18,2,2,4,4,8,40,5.0,0.11,0.11,0.22,0.22,0.44,2.22
605,624,,Kyle Platzer,C,BAK,21.536,51,1,4,3,5,8,58,1.72,0.02,0.08,0.06,0.1,0.16,1.14
23,542,,Alex  Petan,RW,CLE/IA,24.373,19,3,5,0,8,8,30,10.0,0.16,0.26,0.0,0.42,0.42,1.58
484,702,,Joel Lowry,LW,ONT,24.836,40,1,2,5,3,8,27,3.7,0.03,0.05,0.12,0.07,0.2,0.68
320,755,,Dylan Blujus,D,SYR,22.648000000000003,23,1,1,6,2,8,49,2.04,0.04,0.04,0.26,0.09,0.35,2.13
157,659,,Brodie Dupont,C,BAK,29.578000000000007,21,2,2,4,4,8,26,7.69,0.1,0.1,0.19,0.19,0.38,1.24
111,544,,Braden Christoffer,LW,BAK,22.122,49,5,3,0,8,8,50,10.0,0.1,0.06,0.0,0.16,0.16,1.02
156,541,,Brock McGinn,LW,CHA,22.618,9,5,3,0,8,8,35,14.29,0.56,0.33,0.0,0.89,0.89,3.89
287,574,,David Broll,LW,STJ,23.697,54,5,2,1,7,8,46,10.87,0.09,0.04,0.02,0.13,0.15,0.85
67,621,,Anthony Duclair,RW,TUC,21.057,16,1,4,3,5,8,26,3.85,0.06,0.25,0.19,0.31,0.5,1.62
539,599,,Julien Nantel,LW,SA,20.025,59,5,1,2,6,8,71,7.04,0.08,0.02,0.03,0.1,0.14,1.2
65,620,,Anthony Camara,LW,STJ,23.031,23,3,2,3,5,8,25,12.0,0.13,0.09,0.13,0.22,0.35,1.09
379,618,,Graham Black,C,SPR,23.672,33,4,1,3,5,8,32,12.5,0.12,0.03,0.09,0.15,0.24,0.97
534,656,,Josiah Didier,D,STJ,23.439,39,2,2,4,4,8,38,5.26,0.05,0.05,0.1,0.1,0.21,0.97
390,600,,Gustav Forsling,D,RFD,20.261,30,1,5,2,6,8,62,1.61,0.03,0.17,0.07,0.2,0.27,2.07
322,658,,Dylan McIlrath,D,GR/SPR/HFD,24.406,43,1,3,4,4,8,53,1.89,0.02,0.07,0.09,0.09,0.19,1.23
681,662,,Matt Lashoff,D,SA,29.964,19,3,1,3,4,7,21,14.29,0.16,0.05,0.16,0.21,0.37,1.11
529,703,,Josh Holmstrom,RW,BRI,27.029,66,2,1,4,3,7,62,3.23,0.03,0.02,0.06,0.05,0.11,0.94
1048,705,,William Pelletier,LW,RFD,23.754,8,3,0,4,3,7,16,18.75,0.38,0.0,0.5,0.38,0.88,2.0
377,579,,Gerald Mayhew,RW,IA,23.708,17,6,1,0,7,7,30,20.0,0.35,0.06,0.0,0.41,0.41,1.76
569,628,,Keith Aulie,D,STK/CLE,27.264,57,2,3,2,5,7,38,5.26,0.04,0.05,0.04,0.09,0.12,0.67
32,667,,Alex Krushelnyski,LW,BNG,25.838,43,3,1,3,4,7,39,7.69,0.07,0.02,0.07,0.09,0.16,0.91
264,663,,Dan Kelly,D,SJ,27.333,53,1,3,3,4,7,46,2.17,0.02,0.06,0.06,0.08,0.13,0.87
665,706,,Mat Clark,D,SA,25.914,38,1,2,4,3,7,29,3.45,0.03,0.05,0.11,0.08,0.18,0.76
433,756,,Jakub Kindl,D,SPR,29.597,13,1,1,5,2,7,25,4.0,0.08,0.08,0.38,0.15,0.54,1.92
689,625,,Matt Tennyson,D,CHA,26.399,9,3,2,2,5,7,29,10.34,0.33,0.22,0.22,0.56,0.78,3.22
671,704,,Matt Bailey,C,STK,25.449,17,2,1,4,3,7,24,8.33,0.12,0.06,0.24,0.18,0.41,1.41
674,633,,Matt Buckles,F,SPR,21.367,9,3,2,2,5,7,12,25.0,0.33,0.22,0.22,0.56,0.78,1.33
151,664,,Brian Hart,RW,SYR,22.807,33,3,1,3,4,7,50,6.0,0.09,0.03,0.09,0.12,0.21,1.52
1010,577,,Tyler Barnes,RW,RFD,26.588,25,4,3,0,7,7,24,16.67,0.16,0.12,0.0,0.28,0.28,0.96
983,603,,Tony Cameranesi,F,TOR,23.094,31,4,2,1,6,7,59,6.78,0.13,0.06,0.03,0.19,0.23,1.9
572,632,,Kelly Zajac,C,HER,28.277,9,4,1,2,5,7,9,44.44,0.44,0.11,0.22,0.56,0.78,1.0
1038,602,,Vinnie Hinostroza,C,RFD,22.454,15,3,3,1,6,7,35,8.57,0.2,0.2,0.07,0.4,0.47,2.33
834,660,,Reece Willcox,D,LV,22.492,48,3,1,3,4,7,41,7.32,0.06,0.02,0.06,0.08,0.15,0.85
317,627,,Duncan Siemens,D,SA,23.023000000000003,73,2,3,2,5,7,71,2.82,0.03,0.04,0.03,0.07,0.1,0.97
14,630,,Adam Pardy,D,MIL,32.466,31,3,2,2,5,7,33,9.09,0.1,0.06,0.06,0.16,0.23,1.06
173,601,,Cam Darcy,C,SYR,22.541,34,3,3,1,6,7,40,7.5,0.09,0.09,0.03,0.18,0.21,1.18
11,661,,Adam Krause,C,WBS,25.011,14,3,1,3,4,7,19,15.79,0.21,0.07,0.21,0.29,0.5,1.36
441,626,,Jan Kostalek,D,MB,21.577,60,2,3,2,5,7,71,2.82,0.03,0.05,0.03,0.08,0.12,1.18
625,631,,Luke Gazdic,LW,ALB,27.144,37,1,4,2,5,7,31,3.23,0.03,0.11,0.05,0.14,0.19,0.84
1059,576,,Zac Rinaldo,LW,PRO,26.254,29,5,2,0,7,7,34,14.71,0.17,0.07,0.0,0.24,0.24,1.17
403,665,,Hunter Warner,D,IA,20.986,52,2,2,3,4,7,28,7.14,0.04,0.04,0.06,0.08,0.13,0.54
343,666,,Erik Karlsson,LW,CHA,22.136,42,0,4,3,4,7,32,0.0,0.0,0.1,0.07,0.1,0.17,0.76
337,629,,Eric Robinson,F,MIL/SPR,26.317,41,1,4,2,5,7,37,2.7,0.02,0.1,0.05,0.12,0.17,0.9
583,578,,Kevin Lynch,C,SYR,25.4,37,5,2,0,7,7,50,10.0,0.14,0.05,0.0,0.19,0.19,1.35
618,674,,Logan Shaw,RW,SD/SPR,23.946,15,4,0,2,4,6,34,11.76,0.27,0.0,0.13,0.27,0.4,2.27
91,758,,Ben Betker,D,BAK,21.963,30,1,1,4,2,6,26,3.85,0.03,0.03,0.13,0.07,0.2,0.87
836,675,,Reid Gardiner,RW,WBS,20.658,23,3,1,2,4,6,31,9.68,0.13,0.04,0.09,0.17,0.26,1.35
94,639,,Ben Marshall,D,PRO,24.044,14,2,3,1,5,6,26,7.69,0.14,0.21,0.07,0.36,0.43,1.86
604,636,,Kyle MacKinnon,C,SD,28.885,21,2,3,1,5,6,22,9.09,0.1,0.14,0.05,0.24,0.29,1.05
902,605,,Scott Mayfield,D,BRI,23.921,23,3,3,0,6,6,54,5.56,0.13,0.13,0.0,0.26,0.26,2.35
624,759,,Lukas Bengtsson,D,WBS,22.423,16,1,1,4,2,6,25,4.0,0.06,0.06,0.25,0.12,0.38,1.56
319,707,,Dustin Stevenson,D,TEX,27.094,59,2,1,3,3,6,64,3.12,0.03,0.02,0.05,0.05,0.1,1.08
323,634,,Dylan Sadowy,RW,GR,20.455,38,4,1,1,5,6,51,7.84,0.11,0.03,0.03,0.13,0.16,1.34
237,672,,Colin Markison,RW,BRI,24.11,28,2,2,2,4,6,27,7.41,0.07,0.07,0.07,0.14,0.21,0.96
783,912,,Oleg Yevenko,D,CLE,25.651,49,0,0,6,0,6,29,0.0,0.0,0.0,0.12,0.0,0.12,0.59
503,710,,Jonathan Racine,D,SYR/STJ,23.302,55,1,2,3,3,6,40,2.5,0.02,0.04,0.05,0.05,0.11,0.73
491,606,,John Kurtz,LW,SYR,27.335,17,5,1,0,6,6,25,20.0,0.29,0.06,0.0,0.35,0.35,1.47
103,635,,Blake Siebenaler,D,CLE,20.551,43,3,2,1,5,6,62,4.84,0.07,0.05,0.02,0.12,0.14,1.44
932,638,,Stephen MacAulay,C,SPR,24.406,39,2,3,1,5,6,37,5.41,0.05,0.08,0.03,0.13,0.15,0.95
649,678,,Mark Fraser,D,BAK,29.964,65,3,1,2,4,6,58,5.17,0.05,0.02,0.03,0.06,0.09,0.89
219,669,,Clark Bishop,C,CHA,20.466,42,2,2,2,4,6,44,4.55,0.05,0.05,0.05,0.1,0.14,1.05
758,677,,Nick  Saracino,LW,IA,24.57,33,2,2,2,4,6,39,5.13,0.06,0.06,0.06,0.12,0.18,1.18
641,676,,Marco Roy,LW,UTI,21.862,23,1,3,2,4,6,24,4.17,0.04,0.13,0.09,0.17,0.26,1.04
881,637,,Ryan Rupert,C,BNG,22.289,33,3,2,1,5,6,39,7.69,0.09,0.06,0.03,0.15,0.18,1.18
637,604,,Malte Stromwall,RW,HFD,22.062,44,2,4,0,6,6,56,3.57,0.05,0.09,0.0,0.14,0.14,1.27
312,673,,Dominik Masin,D,SYR,20.622,69,3,1,2,4,6,57,5.26,0.04,0.01,0.03,0.06,0.09,0.83
942,708,,Stu Bickel,D,SD,29.955,26,2,1,3,3,6,28,7.14,0.08,0.04,0.12,0.12,0.23,1.08
43,760,,Alexx Privitera,D,ONT,23.658,19,0,2,4,2,6,25,0.0,0.0,0.11,0.21,0.11,0.32,1.32
367,709,,Gabriel Gagne,RW,BNG,19.844,41,2,1,3,3,6,50,4.0,0.05,0.02,0.07,0.07,0.15,1.22
1030,671,,Viktor Loov,D,TOR/ALB,23.831,51,2,2,2,4,6,50,4.0,0.04,0.04,0.04,0.08,0.12,0.98
136,670,,Brendan Woods,C,CHA,24.263,24,3,1,2,4,6,29,10.34,0.12,0.04,0.08,0.17,0.25,1.21
760,668,,Nick Jensen,D,GR,25.985,27,1,3,2,4,6,44,2.27,0.04,0.11,0.07,0.15,0.22,1.63
816,757,,Petter Granberg,D,MIL,24.053,50,1,1,4,2,6,25,4.0,0.02,0.02,0.08,0.04,0.12,0.5
400,717,,Hunter Fejes,LW,TUC,22.295,19,1,2,2,3,5,16,6.25,0.05,0.11,0.11,0.16,0.26,0.84
720,716,,Mike Aviani,C,RCH,23.442,13,2,1,2,3,5,11,18.18,0.15,0.08,0.15,0.23,0.38,0.85
722,714,,Mike Borkowski,C,GR,24.397,51,3,0,2,3,5,46,6.52,0.06,0.0,0.04,0.06,0.1,0.9
487,689,,Joey Benik,LW,BAK,24.638,21,4,0,1,4,5,37,10.81,0.19,0.0,0.05,0.19,0.24,1.76
766,814,,Nick Seeler,D,IA,23.286,57,0,1,4,1,5,46,0.0,0.0,0.02,0.07,0.02,0.09,0.81
204,690,,Chris DeSousa,C,RFD,25.909,36,4,0,1,4,5,53,7.55,0.11,0.0,0.03,0.11,0.14,1.47
782,686,,Nolan Zajac,D,HER/IA/MB,24.124,11,1,3,1,4,5,11,9.09,0.09,0.27,0.09,0.36,0.45,1.0
141,679,,Brett Gallant,LW,CLE,27.716,50,3,1,1,4,5,40,7.5,0.06,0.02,0.02,0.08,0.1,0.8
499,642,,Jon Martin,RW,SJ,21.065,26,2,3,0,5,5,21,9.52,0.08,0.12,0.0,0.19,0.19,0.81
494,711,,John Negrin,D,UTI,27.478,22,0,3,2,3,5,19,0.0,0.0,0.14,0.09,0.14,0.23,0.86
981,913,,Tommy Hughes,D,HFD,24.441,53,0,0,5,0,5,39,0.0,0.0,0.0,0.09,0.0,0.09,0.74
51,761,,Andrew Copp,C,MB,22.191,8,0,2,3,2,5,13,0.0,0.0,0.25,0.38,0.25,0.62,1.62
933,683,,Stephen Perfetto,C,MIL/SA,25.126,13,3,1,1,4,5,16,18.75,0.23,0.08,0.08,0.31,0.38,1.23
86,645,,Austin Ortega,RW,SD,22.429,6,4,1,0,5,5,13,30.77,0.67,0.17,0.0,0.83,0.83,2.17
754,640,,Nic Petan,C,MB,21.487,9,4,1,0,5,5,20,20.0,0.44,0.11,0.0,0.56,0.56,2.22
621,719,,Luc Snuggerud,D,RFD,20.994,13,1,2,2,3,5,18,5.56,0.08,0.15,0.15,0.23,0.38,1.38
630,721,,Luke Witkowski,D,SYR,26.424,19,0,3,2,3,5,24,0.0,0.0,0.16,0.11,0.16,0.26,1.26
835,684,,Reid Boucher,LW,MIL,23.02,5,4,0,1,4,5,13,30.77,0.8,0.0,0.2,0.8,1.0,2.6
16,681,,Adam Pelech,D,BRI,22.084,13,1,3,1,4,5,27,3.7,0.08,0.23,0.08,0.31,0.38,2.08
300,641,,Derek Hulak,LW,UTI,27.037,17,4,1,0,5,5,16,25.0,0.24,0.06,0.0,0.29,0.29,0.94
826,713,,Pierre-Luc Letourneau-Leblond,LW,SYR/TOR,31.283,38,1,2,2,3,5,21,4.76,0.03,0.05,0.05,0.08,0.13,0.55
21,687,,Akim Aliu,RW,CLE,27.395,13,3,1,1,4,5,20,15.0,0.23,0.08,0.08,0.31,0.38,1.54
162,762,,Bryce Aneloski,D,BAK,26.388,35,1,1,3,2,5,25,4.0,0.03,0.03,0.09,0.06,0.14,0.71
1047,680,,William Carrier,LW,RCH,21.739,8,3,1,1,4,5,13,23.08,0.38,0.12,0.12,0.5,0.62,1.62
738,722,,Milan Michalek,LW,TOR,31.773000000000003,16,2,1,2,3,5,25,8.0,0.12,0.06,0.12,0.19,0.31,1.56
271,685,,Daniel Ciampini,LW,ONT,25.808000000000003,23,1,3,1,4,5,27,3.7,0.04,0.13,0.04,0.17,0.22,1.17
355,646,,Francis Beauvillier,LW,MB,22.9,9,4,1,0,5,5,11,36.36,0.44,0.11,0.0,0.56,0.56,1.22
811,643,,Pavel Buchnevich,RW,HFD,21.416,4,3,2,0,5,5,10,30.0,0.75,0.5,0.0,1.25,1.25,2.5
1034,720,,Vince Pedrie,D,HFD,22.662,9,0,3,2,3,5,23,0.0,0.0,0.33,0.22,0.33,0.56,2.56
53,813,,Andrew MacWilliam,D,ALB,26.478,63,0,1,4,1,5,61,0.0,0.0,0.02,0.06,0.02,0.08,0.97
889,712,,Sam Jardine,D,SA,23.094,27,3,0,2,3,5,32,9.38,0.11,0.0,0.07,0.11,0.19,1.19
682,682,,Matt Leitner,C,SPR,25.802,17,0,4,1,4,5,14,0.0,0.0,0.24,0.06,0.24,0.29,0.82
891,644,,Sam Vigneault,C,CLE,21.024,16,1,4,0,5,5,20,5.0,0.06,0.25,0.0,0.31,0.31,1.25
375,718,,Gavin Bayreuther,D,TEX,22.347,15,2,1,2,3,5,17,11.76,0.13,0.07,0.13,0.2,0.33,1.13
80,914,,Ashton Sautner,D,UTI,22.306,47,0,0,5,0,5,48,0.0,0.0,0.0,0.11,0.0,0.11,1.02
796,715,,Patrick Cullity,D,BRI,29.638,36,0,3,2,3,5,29,0.0,0.0,0.08,0.06,0.08,0.14,0.81
1007,688,,Ty Ronning,RW,HFD,18.905,12,2,2,1,4,5,23,8.7,0.17,0.17,0.08,0.33,0.42,1.92
1006,691,,Ty Rattie,RW,CHI,23.609,22,2,2,1,4,5,51,3.92,0.09,0.09,0.05,0.18,0.23,2.32
616,729,,Lindsay Sparks,F,TUC,26.106,22,1,2,1,3,4,15,6.67,0.05,0.09,0.05,0.14,0.18,0.68
799,699,,Patrick McGrath,RW,WBS,23.499,30,1,3,0,4,4,20,5.0,0.03,0.1,0.0,0.13,0.13,0.67
928,764,,Stefan Fournier,RW,SYR/TUC,24.378,32,2,0,2,2,4,29,6.9,0.06,0.0,0.06,0.06,0.12,0.91
909,767,,Sergey Kalinin,C,TOR,25.501,19,2,0,2,2,4,17,11.76,0.11,0.0,0.11,0.11,0.21,0.89
221,727,,Cody Bass,RW,MIL,29.69,13,2,1,1,3,4,19,10.53,0.15,0.08,0.08,0.23,0.31,1.46
389,769,,Gus Young,D,CHI/SA,25.186,29,1,1,2,2,4,22,4.55,0.03,0.03,0.07,0.07,0.14,0.76
383,695,,Greg McKegg,C,SPR,24.247,7,2,2,0,4,4,9,22.22,0.29,0.29,0.0,0.57,0.57,1.29
443,735,,Jansen Harkins,C,MB,19.316,4,2,1,1,3,4,6,33.33,0.5,0.25,0.25,0.75,1.0,1.5
369,723,,Garret Ross,LW,TUC,24.307,27,1,2,1,3,4,33,3.03,0.04,0.07,0.04,0.11,0.15,1.22
257,693,,Curtis  Lazar,C,BNG,21.619,13,3,1,0,4,4,30,10.0,0.23,0.08,0.0,0.31,0.31,2.31
285,737,,Darren Kramer,LW,MB,24.825,42,3,0,1,3,4,35,8.57,0.07,0.0,0.02,0.07,0.1,0.83
286,732,,Darren Nowick,C,BRI,24.901,13,3,0,1,3,4,16,18.75,0.23,0.0,0.08,0.23,0.31,1.23
824,698,,Philippe Maillet,C,ONT,23.855,8,2,2,0,4,4,16,12.5,0.25,0.25,0.0,0.5,0.5,2.0
328,694,,Emerson Clark,LW,CHI/UTI,23.746,12,2,2,0,4,4,5,40.0,0.17,0.17,0.0,0.33,0.33,0.42
326,739,,Ed Wittchow,D,SPR,23.875,38,2,1,1,3,4,42,4.76,0.05,0.03,0.03,0.08,0.11,1.11
745,815,,Mitchell Heard,C,CHA,24.512,36,0,1,3,1,4,37,0.0,0.0,0.03,0.08,0.03,0.11,1.03
474,728,,Joe Diamond,F,SPR,27.25,7,1,2,1,3,4,6,16.67,0.14,0.29,0.14,0.43,0.57,0.86
743,817,,Mitch Hults,C,SD,21.84,6,1,0,3,1,4,6,16.67,0.17,0.0,0.5,0.17,0.67,1.0
554,692,,Justin Kea,C,RCH,22.604,12,2,2,0,4,4,9,22.22,0.17,0.17,0.0,0.33,0.33,0.75
994,730,,Trevor Cheek,LW,TUC,23.713,23,0,3,1,3,4,18,0.0,0.0,0.13,0.04,0.13,0.17,0.78
160,731,,Bryan Bickell,LW,CHA,30.522,10,1,2,1,3,4,3,33.33,0.1,0.2,0.1,0.3,0.4,0.3
1019,768,,Tyler Moy,RW,MIL,21.164,3,1,1,2,2,4,8,12.5,0.33,0.33,0.67,0.67,1.33,2.67
44,765,,Allan McPherson,C,TEX/HFD,25.441,29,1,1,2,2,4,18,5.56,0.03,0.03,0.07,0.07,0.14,0.62
667,733,,Matheson Iacopelli,LW,RFD,22.339,8,1,2,1,3,4,20,5.0,0.12,0.25,0.12,0.38,0.5,2.5
662,738,,Mason Geertsen,D,SA,21.41,36,0,3,1,3,4,25,0.0,0.0,0.08,0.03,0.08,0.11,0.69
1039,736,,Vitaly Abramov,RW,CLE,18.358,4,1,2,1,3,4,5,20.0,0.25,0.5,0.25,0.75,1.0,1.25
963,724,,Thomas Schemitsch,D,SPR,19.888,37,1,2,1,3,4,30,3.33,0.03,0.05,0.03,0.08,0.11,0.81
34,816,,Alex Schoenborn,RW,SJ,20.762,29,1,0,3,1,4,24,4.17,0.03,0.0,0.1,0.03,0.14,0.83
20,696,,Ahti Oksanen,LW,HFD,23.519,15,2,2,0,4,4,21,9.52,0.13,0.13,0.0,0.27,0.27,1.4
1058,697,,Zac Lynch,LW,SPR,24.504,21,3,1,0,4,4,16,18.75,0.14,0.05,0.0,0.19,0.19,0.76
603,763,,Kyle Hagel,LW,CHA,31.65,24,1,1,2,2,4,13,7.69,0.04,0.04,0.08,0.08,0.17,0.54
6,766,,Adam Chapie,RW,HFD,25.197,24,0,2,2,2,4,7,0.0,0.0,0.08,0.08,0.08,0.17,0.29
1071,725,,Zack Stortini,RW,SJ/BNG,31.012,48,3,0,1,3,4,34,8.82,0.06,0.0,0.02,0.06,0.08,0.71
502,726,,Jonathan Diaby,D,MIL,21.832,21,2,1,1,3,4,15,13.33,0.1,0.05,0.05,0.14,0.19,0.71
81,740,,Austen Brassard,RW,SD,23.669,20,2,1,1,3,4,15,13.33,0.1,0.05,0.05,0.15,0.2,0.75
142,734,,Brett Howden,C,SYR,18.467,5,3,0,1,3,4,14,21.43,0.6,0.0,0.2,0.6,0.8,2.8
931,747,,Stephen Johns,D,TEX,24.411,2,3,0,0,3,3,5,60.0,1.5,0.0,0.0,1.5,1.5,2.5
575,777,,Kenny Ryan,RW,SD,25.186,8,2,0,1,2,3,15,13.33,0.25,0.0,0.12,0.25,0.38,1.88
70,825,,Anthony Louis,C,RFD,21.597,13,1,0,2,1,3,28,3.57,0.08,0.0,0.15,0.08,0.23,2.15
372,829,,Garrett Noonan,D,HFD,25.632,26,0,1,2,1,3,19,0.0,0.0,0.04,0.08,0.04,0.12,0.73
64,822,,Anthony Bitetto,D,MIL,26.172,3,1,0,2,1,3,8,12.5,0.33,0.0,0.67,0.33,1.0,2.67
423,782,,Jake Bischoff,D,BRI,22.144,6,2,0,1,2,3,9,22.22,0.33,0.0,0.17,0.33,0.5,1.5
804,823,,Patrik Nemeth,D,TEX,24.603,4,1,0,2,1,3,7,14.29,0.25,0.0,0.5,0.25,0.75,1.75
930,748,,Stephen Gionta,C,BRI,32.937,7,1,2,0,3,3,11,9.09,0.14,0.29,0.0,0.43,0.43,1.57
806,915,,Paul Bittner,LW,CLE,19.864,31,0,0,3,0,3,32,0.0,0.0,0.0,0.1,0.0,0.1,1.03
756,784,,Nicholas Caamano,RW,TEX,18.024,6,0,2,1,2,3,7,0.0,0.0,0.33,0.17,0.33,0.5,1.17
261,775,,Damir Sharipzianov,D,ONT,20.578000000000007,38,0,2,1,2,3,27,0.0,0.0,0.05,0.03,0.05,0.08,0.71
552,741,,Justin Hickman,RW,PRO,22.497,25,2,1,0,3,3,24,8.33,0.08,0.04,0.0,0.12,0.12,0.96
432,754,,Jake Walman,D,CHI,20.57,7,2,1,0,3,3,12,16.67,0.29,0.14,0.0,0.43,0.43,1.71
31,752,,Alex Kile,LW,RCH,22.188,11,2,1,0,3,3,12,16.67,0.18,0.09,0.0,0.27,0.27,1.09
1051,827,,Yakov Trenin,C,MIL,19.672,5,1,0,2,1,3,8,12.5,0.2,0.0,0.4,0.2,0.6,1.6
240,753,,Colin White,C,BNG,19.625,3,1,2,0,3,3,5,20.0,0.33,0.67,0.0,1.0,1.0,1.67
335,778,,Eric Faille,RW,TOR,27.138,11,1,1,1,2,3,14,7.14,0.09,0.09,0.09,0.18,0.27,1.27
578,783,,Kevin Connauton,D,TUC,26.56,2,1,1,1,2,3,6,16.67,0.5,0.5,0.5,1.0,1.5,3.0
863,781,,Ryan Carter,LW,IA,33.12,18,1,1,1,2,3,28,3.57,0.06,0.06,0.06,0.11,0.17,1.56
640,818,,Marc-Andre Cliche,C,TOR,29.485,16,1,0,2,1,3,18,5.56,0.06,0.0,0.12,0.06,0.19,1.12
304,824,,Devin Setoguchi,RW,ONT,29.706,9,0,1,2,1,3,10,0.0,0.0,0.11,0.22,0.11,0.33,1.11
310,776,,Domenic Monardo,LW,HER,27.943,11,0,2,1,2,3,8,0.0,0.0,0.18,0.09,0.18,0.27,0.73
590,770,,Kevin Tansey,D,CHI,23.562,19,1,1,1,2,3,18,5.56,0.05,0.05,0.05,0.11,0.16,0.95
453,744,,Jayson Megna,RW,UTI,26.621,4,1,2,0,3,3,3,33.33,0.25,0.5,0.0,0.75,0.75,0.75
325,742,,Dysin Mayo,D,TUC,20.08,25,1,2,0,3,3,26,3.85,0.04,0.08,0.0,0.12,0.12,1.04
313,826,,Dominik Shine,RW,GR,23.412,8,0,1,2,1,3,16,0.0,0.0,0.12,0.25,0.12,0.38,2.0
315,750,,Drew Miller,LW,GR,32.578,7,2,1,0,3,3,8,25.0,0.29,0.14,0.0,0.43,0.43,1.14
843,771,,Rihards Bukarts,LW,SPR,20.71,14,0,2,1,2,3,15,0.0,0.0,0.14,0.07,0.14,0.21,1.07
619,773,,Loic Leduc,D,BRI,22.256,33,1,1,1,2,3,40,2.5,0.03,0.03,0.03,0.06,0.09,1.21
171,819,,Calle Andersson,D,HFD,22.336,4,0,1,2,1,3,7,0.0,0.0,0.25,0.5,0.25,0.75,1.75
805,916,,Paul Bissonnette,LW,ONT,31.516,18,0,0,3,0,3,16,0.0,0.0,0.0,0.17,0.0,0.17,0.89
849,746,,Rob Scuderi,D,ONT,37.712,15,0,3,0,3,3,4,0.0,0.0,0.2,0.0,0.2,0.2,0.27
388,774,,Guillaume Lepine,D,BNG,29.528,54,1,1,1,2,3,63,1.59,0.02,0.02,0.02,0.04,0.06,1.17
1004,772,,Turner Elson,LW,SA,24.006,13,1,1,1,2,3,21,4.76,0.08,0.08,0.08,0.15,0.23,1.62
489,820,,Joey Leach,D,HER,24.63,18,0,1,2,1,3,8,0.0,0.0,0.06,0.11,0.06,0.17,0.44
775,743,,Nikita Soshnikov,RW,TOR,22.922,6,1,2,0,3,3,11,9.09,0.17,0.33,0.0,0.5,0.5,1.83
397,745,,Henrik Samuelsson,LW,BAK/TUC,22.604,25,2,1,0,3,3,20,10.0,0.08,0.04,0.0,0.12,0.12,0.8
975,821,,Tom Nilsson,D,UTI,23.075,17,0,1,2,1,3,10,0.0,0.0,0.06,0.12,0.06,0.18,0.59
198,828,,Chris Breen,D,PRO,27.215,37,1,0,2,1,3,40,2.5,0.03,0.0,0.05,0.03,0.08,1.08
117,917,,Brandon Anselmini,D,TEX,23.434,10,0,0,3,0,3,18,0.0,0.0,0.0,0.3,0.0,0.3,1.8
476,785,,Joe Gambardella,C,BAK,22.777,6,1,1,1,2,3,7,14.29,0.17,0.17,0.17,0.33,0.5,1.17
703,779,,Michael Brodzinski,D,SJ,21.304,9,0,2,1,2,3,13,0.0,0.0,0.22,0.11,0.22,0.33,1.44
385,751,,Greger Hanson,RW,SD/CHI/CHA/BNG,28.578000000000007,12,1,2,0,3,3,24,4.17,0.08,0.17,0.0,0.25,0.25,2.0
129,749,,Brendan Gaunce,LW,UTI,23.478,4,2,1,0,3,3,15,13.33,0.5,0.25,0.0,0.75,0.75,3.75
207,780,,Chris McCarthy,C,LV,25.131,17,1,1,1,2,3,11,9.09,0.06,0.06,0.06,0.12,0.18,0.65
289,846,,David Pacan,RW,SYR,25.463,6,0,1,1,1,2,4,0.0,0.0,0.17,0.17,0.17,0.33,0.67
925,923,,Spiro Goulakos,D,HFD,26.58,8,0,0,2,0,2,8,0.0,0.0,0.0,0.25,0.0,0.25,1.0
1065,851,,Zach Pochiro,C,BAK,22.53,4,0,1,1,1,2,3,0.0,0.0,0.25,0.25,0.25,0.5,0.75
13,800,,Adam Ollas Mattsson,D,STK,20.129,9,1,1,0,2,2,8,12.5,0.11,0.11,0.0,0.22,0.22,0.89
970,854,,Tim Wallace,RW,BRI,32.11,7,1,0,1,1,2,7,14.29,0.14,0.0,0.14,0.14,0.29,1.0
948,796,,Tage Thompson,C,CHI,18.878,16,1,1,0,2,2,21,4.76,0.06,0.06,0.0,0.12,0.12,1.31
191,804,,Charlie McAvoy,D,PRO,18.735,4,0,2,0,2,2,5,0.0,0.0,0.5,0.0,0.5,0.5,1.25
1069,837,,Zach Trotman,D,ONT,26.057,9,0,1,1,1,2,8,0.0,0.0,0.11,0.11,0.11,0.22,0.89
161,847,,Bryan Moore,LW,SJ/MB,22.311,4,1,0,1,1,2,7,14.29,0.25,0.0,0.25,0.25,0.5,1.75
164,834,,Bryce Van Brabant,LW,TEX,24.844,21,1,0,1,1,2,20,5.0,0.05,0.0,0.05,0.05,0.1,0.95
2,918,,A.J. White,LW,PRO,24.408,12,0,0,2,0,2,8,0.0,0.0,0.0,0.17,0.0,0.17,0.67
867,801,,Ryan Fitzgerald,C,PRO,21.909,8,0,2,0,2,2,4,0.0,0.0,0.25,0.0,0.25,0.25,0.5
130,806,,Brendan Guhle,D,RCH,19.132,6,1,1,0,2,2,16,6.25,0.17,0.17,0.0,0.33,0.33,2.67
954,859,,Taylor Doherty,D,PRO,25.542,10,0,1,1,1,2,9,0.0,0.0,0.1,0.1,0.1,0.2,0.9
190,924,,Charles-David Beaudoin,D,BNG,22.681,6,0,0,2,0,2,7,0.0,0.0,0.0,0.33,0.0,0.33,1.17
82,803,,Austin Cangelosi,F,ALB,22.054,8,0,2,0,2,2,7,0.0,0.0,0.25,0.0,0.25,0.25,0.88
116,849,,Brandon Alderson,RW,SYR/TEX/HFD,24.649,13,0,1,1,1,2,11,0.0,0.0,0.08,0.08,0.08,0.15,0.85
114,839,,Brady Vail,C,RCH,22.517,18,1,0,1,1,2,9,11.11,0.06,0.0,0.06,0.06,0.11,0.5
72,832,,Anthony Peluso,RW,MB,27.412,22,0,1,1,1,2,26,0.0,0.0,0.05,0.05,0.05,0.09,1.18
1015,797,,Tyler Kelleher,RW,MIL,21.703000000000007,6,0,2,0,2,2,7,0.0,0.0,0.33,0.0,0.33,0.33,1.17
1002,798,,Troy Josephs,C,WBS,22.355,13,1,1,0,2,2,20,5.0,0.08,0.08,0.0,0.15,0.15,1.54
897,786,,Scott Czarnowczan,D,IA,25.301,11,0,2,0,2,2,4,0.0,0.0,0.18,0.0,0.18,0.18,0.36
88,805,,Axel Holmstrom,C,GR,20.214,7,1,1,0,2,2,9,11.11,0.14,0.14,0.0,0.29,0.29,1.29
227,808,,Colby McAuley,RW,SJ,20.302,4,0,2,0,2,2,1,0.0,0.0,0.5,0.0,0.5,0.5,0.25
961,812,,Thomas DiPauli,C,WBS,22.382,21,2,0,0,2,2,22,9.09,0.1,0.0,0.0,0.1,0.1,1.05
992,836,,Trent Vogelhuber,RW,SA,28.176,15,0,1,1,1,2,18,0.0,0.0,0.07,0.07,0.07,0.13,1.2
101,843,,Blake Kessel,D,MIL,27.426,8,0,1,1,1,2,5,0.0,0.0,0.12,0.12,0.12,0.25,0.62
260,844,,Dalton Prout,D,CLE,26.511,7,0,1,1,1,2,9,0.0,0.0,0.14,0.14,0.14,0.29,1.29
1035,855,,Vincent Dunn,LW,BNG,21.005,8,0,1,1,1,2,3,0.0,0.0,0.12,0.12,0.12,0.25,0.38
937,848,,Steve Weinstein,D,HER,26.092,5,0,1,1,1,2,1,0.0,0.0,0.2,0.2,0.2,0.4,0.2
146,922,,Brett Stern,D,WBS,24.54,17,0,0,2,0,2,25,0.0,0.0,0.0,0.12,0.0,0.12,1.47
268,792,,Daniel  Maggio,RW,TOR,25.536,4,1,1,0,2,2,5,20.0,0.25,0.25,0.0,0.5,0.5,1.25
41,841,,Alexandre Ranger,RW,STJ/SA,21.079,15,1,0,1,1,2,11,9.09,0.07,0.0,0.07,0.07,0.13,0.73
940,857,,Steven Santini,D,ALB,21.528,20,0,1,1,1,2,23,0.0,0.0,0.05,0.05,0.05,0.1,1.15
282,811,,Darcy Murphy,LW,MB,24.061,8,1,1,0,2,2,12,8.33,0.12,0.12,0.0,0.25,0.25,1.5
984,795,,Tony Turgeon,LW,SPR,26.985,12,2,0,0,2,2,9,22.22,0.17,0.0,0.0,0.17,0.17,0.75
28,838,,Alex Gallant,LW,SJ,23.771,29,0,1,1,1,2,14,0.0,0.0,0.03,0.03,0.03,0.07,0.48
978,791,,Tomas Jurco,LW,GR,23.716,2,1,1,0,2,2,7,14.29,0.5,0.5,0.0,1.0,1.0,3.5
321,845,,Dylan Labbe,D,IA,21.684,16,0,1,1,1,2,7,0.0,0.0,0.06,0.06,0.06,0.12,0.44
359,793,,Frank Vatrano,C,PRO,22.508000000000006,2,2,0,0,2,2,8,25.0,1.0,0.0,0.0,1.0,1.0,4.0
675,810,,Matt Caito,D,GR,23.092,13,1,1,0,2,2,20,5.0,0.08,0.08,0.0,0.15,0.15,1.54
657,833,,Marko Dano,LW,MB,21.794,6,0,1,1,1,2,12,0.0,0.0,0.17,0.17,0.17,0.33,2.0
429,853,,Jake Kulevich,D,MB,23.587,11,0,1,1,1,2,6,0.0,0.0,0.09,0.09,0.09,0.18,0.55
558,790,,Justin Selman,C,CHI,22.955,17,1,1,0,2,2,13,7.69,0.06,0.06,0.0,0.12,0.12,0.76
392,852,,Hampus Gustafsson,C,HER,22.889,10,0,1,1,1,2,9,0.0,0.0,0.1,0.1,0.1,0.2,0.9
550,835,,Justin Hache,D,TUC/TEX,22.681,17,0,1,1,1,2,16,0.0,0.0,0.06,0.06,0.06,0.12,0.94
673,856,,Matt Benning,D,BAK,22.311,2,1,0,1,1,2,8,12.5,0.5,0.0,0.5,0.5,1.0,4.0
545,802,,Justin Danforth,C,BRI/RCH,23.505,6,2,0,0,2,2,11,18.18,0.33,0.0,0.0,0.33,0.33,1.83
567,919,,Keegan Kanzig,D,STK,21.553,6,0,0,2,0,2,3,0.0,0.0,0.0,0.33,0.0,0.33,0.5
354,799,,Filip Hronek,D,GR,18.87,10,1,1,0,2,2,11,9.09,0.1,0.1,0.0,0.2,0.2,1.1
737,787,,Mikko Rantanen,LW,SA,19.88,4,0,2,0,2,2,7,0.0,0.0,0.5,0.0,0.5,0.5,1.75
473,842,,Joe Devin,LW,CLE/SA,28.948,20,1,0,1,1,2,16,6.25,0.05,0.0,0.05,0.05,0.1,0.8
692,830,,Matthew Lane,C,RCH,22.506,15,0,1,1,1,2,10,0.0,0.0,0.07,0.07,0.07,0.13,0.67
384,794,,Greg Wolfe,C,ALB,26.393,11,1,1,0,2,2,11,9.09,0.09,0.09,0.0,0.18,0.18,1.0
511,807,,Jordan Murray,D,BNG,23.746,5,1,1,0,2,2,8,12.5,0.2,0.2,0.0,0.4,0.4,1.6
565,840,,Kayle Doetzel,D,STK,21.243,56,0,1,1,1,2,29,0.0,0.0,0.02,0.02,0.02,0.04,0.52
435,809,,Jalen Smereck,D,TUC,19.666,2,1,1,0,2,2,6,16.67,0.5,0.5,0.0,1.0,1.0,3.0
654,831,,Mark Naclerio,C,PRO,24.45,10,1,0,1,1,2,8,12.5,0.1,0.0,0.1,0.1,0.2,0.8
647,920,,Mark Cooper,F,TUC,24.307,10,0,0,2,0,2,9,0.0,0.0,0.0,0.2,0.0,0.2,0.9
581,788,,Kevin Gravel,D,ONT,24.529,6,0,2,0,2,2,6,0.0,0.0,0.33,0.0,0.33,0.33,1.0
608,850,,Kyle Thomas,RW,CLE,26.623,12,1,0,1,1,2,14,7.14,0.08,0.0,0.08,0.08,0.17,1.17
634,921,,Macoy Erkamps,D,BNG,21.619,11,0,0,2,0,2,9,0.0,0.0,0.0,0.18,0.0,0.18,0.82
842,858,,Rick Pinkston,D,MIL,25.95,20,0,1,1,1,2,9,0.0,0.0,0.05,0.05,0.05,0.1,0.45
416,926,,Jacob Larsson,D,SD,19.382,4,0,0,2,0,2,9,0.0,0.0,0.0,0.5,0.0,0.5,2.25
839,925,,Reid Sturos,RW,TEX,24.105,9,0,0,2,0,2,11,0.0,0.0,0.0,0.22,0.0,0.22,1.22
415,789,,Jacob Graves,D,CLE,21.471,19,1,1,0,2,2,12,8.33,0.05,0.05,0.0,0.11,0.11,0.63
184,872,,Cason Hohmann,RW,CHA,23.68,2,0,1,0,1,1,3,0.0,0.0,0.5,0.0,0.5,0.5,1.5
406,877,,Iiro Pakarinen,RW,BAK,25.06,5,0,1,0,1,1,10,0.0,0.0,0.2,0.0,0.2,0.2,2.0
716,873,,Miikka Salomaki,LW,MIL,23.521,4,1,0,0,1,1,5,20.0,0.25,0.0,0.0,0.25,0.25,1.25
482,867,,Joel Eriksson Ek,C,IA,23.628,1,1,0,0,1,1,2,50.0,1.0,0.0,0.0,1.0,1.0,2.0
479,882,,Joe Morrow,D,PRO,23.768,3,1,0,0,1,1,8,12.5,0.33,0.0,0.0,0.33,0.33,2.67
846,887,,Rob Flick,LW,MB,25.471,5,1,0,0,1,1,6,16.67,0.2,0.0,0.0,0.2,0.2,1.2
137,880,,Brenden  Miller,D,TOR,22.467,2,1,0,0,1,1,3,33.33,0.5,0.0,0.0,0.5,0.5,1.5
739,878,,Miles Koules,RW,ONT/CLE,22.226,9,1,0,0,1,1,6,16.67,0.11,0.0,0.0,0.11,0.11,0.67
154,948,,Brian Ward,C,ALB,24.586,8,0,0,1,0,1,4,0.0,0.0,0.0,0.12,0.0,0.12,0.5
414,868,,Jacob Doty,RW,CHI,23.242,4,0,1,0,1,1,1,0.0,0.0,0.25,0.0,0.25,0.25,0.25
759,909,,Nick DeSimone,D,SJ,21.818,4,1,0,0,1,1,7,14.29,0.25,0.0,0.0,0.25,0.25,1.75
445,933,,Jared Nightingale,D,CHI,33.953,12,0,0,1,0,1,5,0.0,0.0,0.0,0.08,0.0,0.08,0.42
436,941,,James Melindy,D,SD,22.763,3,0,0,1,0,1,0,0.0,0.0,0.0,0.33,0.0,0.33,0.0
422,929,,Jake Baker,D,MB,25.164,15,0,0,1,0,1,11,0.0,0.0,0.0,0.07,0.0,0.07,0.73
749,876,,Nate Thompson,C,SD,31.946,3,0,1,0,1,1,6,0.0,0.0,0.33,0.0,0.33,0.33,2.0
714,885,,Michael Sdao,D,IA,27.204,2,1,0,0,1,1,2,50.0,0.5,0.0,0.0,0.5,0.5,1.0
935,934,,Steve McParland,RW,CHI/BNG,25.588,6,0,0,1,0,1,5,0.0,0.0,0.0,0.17,0.0,0.17,0.83
715,895,,Michael Spacek,C,MB,19.436,4,0,1,0,1,1,5,0.0,0.0,0.25,0.0,0.25,0.25,1.25
847,940,,Rob Hamilton,D,SPR,22.705,6,0,0,1,0,1,8,0.0,0.0,0.0,0.17,0.0,0.17,1.33
497,889,,John Stevens,C,BRI,22.415,8,0,1,0,1,1,6,0.0,0.0,0.12,0.0,0.12,0.12,0.75
87,865,,Austin Watson,C,MIL,24.674,3,1,0,0,1,1,4,25.0,0.33,0.0,0.0,0.33,0.33,1.33
614,886,,Libor Hajek,D,SYR,18.612,8,1,0,0,1,1,8,12.5,0.12,0.0,0.0,0.12,0.12,1.0
607,944,,Kyle Schempp,C,BRI,22.673,11,0,0,1,0,1,9,0.0,0.0,0.0,0.09,0.0,0.09,0.82
626,939,,Luke Green,D,MB,18.675,4,0,0,1,0,1,0,0.0,0.0,0.0,0.25,0.0,0.25,0.0
1063,888,,Zach O'Brien,RW,BNG,24.214,1,1,0,0,1,1,2,50.0,1.0,0.0,0.0,1.0,1.0,2.0
1062,927,,Zach Nastasiuk,RW,GR,21.465,7,0,0,1,0,1,6,0.0,0.0,0.0,0.14,0.0,0.14,0.86
591,932,,Klas Dahlbeck,D,CHA,25.197,6,0,0,1,0,1,14,0.0,0.0,0.0,0.17,0.0,0.17,2.33
1052,862,,Yan-Pavel Laplante,LW,UTI,21.399,13,0,1,0,1,1,7,0.0,0.0,0.08,0.0,0.08,0.08,0.54
650,943,,Mark Friedman,D,LV,20.726,1,0,0,1,0,1,1,0.0,0.0,0.0,1.0,0.0,1.0,1.0
560,870,,Kale Kessy,LW,MB,23.781,16,0,1,0,1,1,5,0.0,0.0,0.06,0.0,0.06,0.06,0.31
1037,890,,Vinni Lettieri,C,HFD,21.608,9,0,1,0,1,1,12,0.0,0.0,0.11,0.0,0.11,0.11,1.33
556,891,,Justin Kloos,F,IA,22.793000000000006,9,1,0,0,1,1,13,7.69,0.11,0.0,0.0,0.11,0.11,1.44
663,874,,Mason Marchment,LW,TOR,21.246,9,1,0,0,1,1,11,9.09,0.11,0.0,0.0,0.11,0.11,1.22
63,900,,Angelo Miceli,C,TEX,22.544,1,0,1,0,1,1,1,0.0,0.0,1.0,0.0,1.0,1.0,1.0
1025,863,,Tyrell Goulbourne,LW,LV,22.637,24,1,0,0,1,1,16,6.25,0.04,0.0,0.0,0.04,0.04,0.67
680,866,,Matt Irwin,D,MIL,28.797,4,0,1,0,1,1,16,0.0,0.0,0.25,0.0,0.25,0.25,4.0
1,884,,A.J. Jenks,C,IA,26.221,7,1,0,0,1,1,10,10.0,0.14,0.0,0.0,0.14,0.14,1.43
684,942,,Matt Luff,RW,ONT,19.365,2,0,0,1,0,1,2,0.0,0.0,0.0,0.5,0.0,0.5,1.0
78,911,,Anton Rodin,RW,UTI,25.818,3,0,1,0,1,1,3,0.0,0.0,0.33,0.0,0.33,0.33,1.0
920,945,,Sheldon Brookbank,D,CLE,35.951,6,0,0,1,0,1,3,0.0,0.0,0.0,0.17,0.0,0.17,0.5
532,871,,Josh Wesley,D,CHA,20.436,9,1,0,0,1,1,14,7.14,0.11,0.0,0.0,0.11,0.11,1.56
687,937,,Matt Roy,D,ONT,21.545,8,0,0,1,0,1,16,0.0,0.0,0.0,0.12,0.0,0.12,2.0
694,904,,Matthew Phillips,RW,STK,18.445,1,0,1,0,1,1,4,0.0,0.0,1.0,0.0,1.0,1.0,4.0
1003,861,,Troy Stecher,D,UTI,22.443,4,0,1,0,1,1,8,0.0,0.0,0.25,0.0,0.25,0.25,2.0
404,936,,Ian Brady,D,RCH,22.319000000000006,2,0,0,1,0,1,1,0.0,0.0,0.0,0.5,0.0,0.5,0.5
729,883,,Mike McNamee,C,SYR,23.896,12,0,1,0,1,1,12,0.0,0.0,0.08,0.0,0.08,0.08,1.0
333,947,,Eric Boulton,LW,BRI,40.08,2,0,0,1,0,1,2,0.0,0.0,0.0,0.5,0.0,0.5,1.0
308,902,,Dmitry Sokolov,RW,IA,18.423,2,1,0,0,1,1,6,16.67,0.5,0.0,0.0,0.5,0.5,3.0
878,931,,Ryan Murphy,D,CHA,23.461,7,0,0,1,0,1,9,0.0,0.0,0.0,0.14,0.0,0.14,1.29
253,881,,Cory Ward,C,SYR,23.398000000000003,2,0,1,0,1,1,2,0.0,0.0,0.5,0.0,0.5,0.5,1.0
864,894,,Ryan Collins,D,CLE,20.362,5,0,1,0,1,1,9,0.0,0.0,0.2,0.0,0.2,0.2,1.8
828,879,,Quentin Shore,C,ONT,22.311,13,1,0,0,1,1,10,10.0,0.08,0.0,0.0,0.08,0.08,0.77
788,896,,Ondrej Vala,D,TEX,18.426,3,0,1,0,1,1,6,0.0,0.0,0.33,0.0,0.33,0.33,2.0
330,935,,Emil Johansson,D,PRO,20.362,6,0,0,1,0,1,8,0.0,0.0,0.0,0.17,0.0,0.17,1.33
303,899,,Deven Sideroff,RW,SD,19.423,3,0,1,0,1,1,2,0.0,0.0,0.33,0.0,0.33,0.33,0.67
220,908,,Clayton Stoner,D,SD,31.571,3,1,0,0,1,1,2,50.0,0.33,0.0,0.0,0.33,0.33,0.67
329,907,,Emerson Etem,RW,SD,24.25,1,1,0,0,1,1,2,50.0,1.0,0.0,0.0,1.0,1.0,2.0
778,901,,Noah Rod,LW,SJ,20.274,2,0,1,0,1,1,4,0.0,0.0,0.5,0.0,0.5,0.5,2.0
358,860,,Frank Hora,D,CLE,20.291,3,0,1,0,1,1,1,0.0,0.0,0.33,0.0,0.33,0.33,0.33
266,892,,Danick Gauthier,LW,MB,24.896,2,1,0,0,1,1,3,33.33,0.5,0.0,0.0,0.5,0.5,1.5
893,893,,Samuel Girard,D,MIL,18.347,6,1,0,0,1,1,5,20.0,0.17,0.0,0.0,0.17,0.17,0.83
225,897,,Cody Wydo,LW,WBS,25.471,3,1,0,0,1,1,3,33.33,0.33,0.0,0.0,0.33,0.33,1.0
360,946,,Frankie Simonelli,D,BAK,23.88,6,0,0,1,0,1,7,0.0,0.0,0.0,0.17,0.0,0.17,1.17
772,898,,Niki Petti,C,STJ,20.091,4,1,0,0,1,1,2,50.0,0.25,0.0,0.0,0.25,0.25,0.5
363,864,,Fredrik Claesson,D,BNG,23.809,9,0,1,0,1,1,8,0.0,0.0,0.11,0.0,0.11,0.11,0.89
918,875,,Shawn Szydlowski,RW,CLE,26.114,7,1,0,0,1,1,6,16.67,0.14,0.0,0.0,0.14,0.14,0.86
344,930,,Esa Lindell,D,TEX,22.317,2,0,0,1,0,1,4,0.0,0.0,0.0,0.5,0.0,0.5,2.0
819,869,,Phil DeSimone,C,UTI,29.495,8,1,0,0,1,1,15,6.67,0.12,0.0,0.0,0.12,0.12,1.88
798,903,,Patrick McCarron,D,GR,22.092,1,0,1,0,1,1,2,0.0,0.0,1.0,0.0,1.0,1.0,2.0
617,928,,Linus Arnesson,D,PRO,21.985,20,0,0,1,0,1,21,0.0,0.0,0.0,0.05,0.0,0.05,1.05
318,905,,Dustin Gazley,RW,HER,27.951,3,1,0,0,1,1,5,20.0,0.33,0.0,0.0,0.33,0.33,1.67
327,910,,Elgin Pearce,LW,MB,24.606,3,0,1,0,1,1,2,0.0,0.0,0.33,0.0,0.33,0.33,0.67
365,938,,Gabriel Carlsson,D,CLE,19.702,3,0,0,1,0,1,4,0.0,0.0,0.0,0.33,0.0,0.33,1.33
280,906,,Dante Salituro,RW,CLE,19.833,5,1,0,0,1,1,4,25.0,0.2,0.0,0.0,0.2,0.2,0.8
1022,1041,,Tyler Soy,C,SD,23.595,2,0,0,0,0,0,1,0.0,0.0,0.0,0.0,0.0,0.0,0.5
877,1034,,Ryan Mantha,D,BAK,20.244,2,0,0,0,0,0,2,0.0,0.0,0.0,0.0,0.0,0.0,1.0
273,1047,,Daniel Fick,D,SA,25.071,2,0,0,0,0,0,1,0.0,0.0,0.0,0.0,0.0,0.0,0.5
1024,981,,Tylor Spink,C,GR/MIL/ALB,23.708,5,0,0,0,0,0,5,0.0,0.0,0.0,0.0,0.0,0.0,1.0
1026,1057,,Tyson Fawcett,RW,RCH,23.272,2,0,0,0,0,0,0,0.0,0.0,0.0,0.0,0.0,0.0,0.0
272,1017,,Daniel Doremus,RW,SYR,24.901,1,0,0,0,0,0,1,0.0,0.0,0.0,0.0,0.0,0.0,1.0
194,964,,Chase Lang,RW,IA,20.006,1,0,0,0,0,0,0,0.0,0.0,0.0,0.0,0.0,0.0,0.0
350,1055,,Evan Polei,LW,BAK,20.573,1,0,0,0,0,0,2,0.0,0.0,0.0,0.0,0.0,0.0,2.0
1021,992,,Tyler Sikura,LW,IA,24.329,16,0,0,0,0,0,20,0.0,0.0,0.0,0.0,0.0,0.0,1.25
677,958,,Matt Finn,D,BRI,22.558000000000003,2,0,0,0,0,0,3,0.0,0.0,0.0,0.0,0.0,0.0,1.5
542,998,,Justin Agosta,D,HER/ALB/SA,25.936,3,0,0,0,0,0,1,0.0,0.0,0.0,0.0,0.0,0.0,0.33
68,1040,,Anthony Florentino,D,RCH,21.627,5,0,0,0,0,0,4,0.0,0.0,0.0,0.0,0.0,0.0,0.8
670,960,,Matt  Willows,RW,SJ,25.148000000000003,1,0,0,0,0,0,0,0.0,0.0,0.0,0.0,0.0,0.0,0.0
882,1021,,Ryan Segalla,D,WBS,21.714,1,0,0,0,0,0,0,0.0,0.0,0.0,0.0,0.0,0.0,0.0
1012,1016,,Tyler Ganly,D,CHA,22.486,2,0,0,0,0,0,0,0.0,0.0,0.0,0.0,0.0,0.0,0.0
531,1061,,Josh Leivo,LW,TOR,23.308000000000003,5,0,0,0,0,0,11,0.0,0.0,0.0,0.0,0.0,0.0,2.2
1008,971,,Ty Stanton,D,TOR,21.317,3,0,0,0,0,0,1,0.0,0.0,0.0,0.0,0.0,0.0,0.33
527,1029,,Josh Healey,D,STK,22.18,2,0,0,0,0,0,2,0.0,0.0,0.0,0.0,0.0,0.0,1.0
524,1003,,Josh Brittain,LW,CHI,26.7,2,0,0,0,0,0,1,0.0,0.0,0.0,0.0,0.0,0.0,0.5
255,1004,,Craig Wyszomirski,D,ONT,23.984,3,0,0,0,0,0,2,0.0,0.0,0.0,0.0,0.0,0.0,0.67
547,950,,Justin Falk,D,RCH,27.929,10,0,0,0,0,0,5,0.0,0.0,0.0,0.0,0.0,0.0,0.5
39,1071,,Alexandre Goulet,LW,RCH,20.447,3,0,0,0,0,0,4,0.0,0.0,0.0,0.0,0.0,0.0,1.33
669,961,,Matia Marcantuoni,C,TUC,22.563,7,0,0,0,0,0,2,0.0,0.0,0.0,0.0,0.0,0.0,0.29
577,1073,,Kevin  Lough,D,BNG,24.534,1,0,0,0,0,0,1,0.0,0.0,0.0,0.0,0.0,0.0,1.0
3,1005,,Aaron Harstad,D,TEX,24.387,2,0,0,0,0,0,0,0.0,0.0,0.0,0.0,0.0,0.0,0.0
324,1052,,Dylan Zink,D,WBS,23.938,1,0,0,0,0,0,2,0.0,0.0,0.0,0.0,0.0,0.0,2.0
854,1068,,Robin Press,D,RFD,21.736,9,0,0,0,0,0,13,0.0,0.0,0.0,0.0,0.0,0.0,1.44
629,967,,Luke Pither,C,UTI,27.39,1,0,0,0,0,0,1,0.0,0.0,0.0,0.0,0.0,0.0,1.0
12,1046,,Adam Musil,C,CHI,19.475,2,0,0,0,0,0,1,0.0,0.0,0.0,0.0,0.0,0.0,0.5
599,1033,,Kyle Capobianco,D,TUC,19.091,4,0,0,0,0,0,1,0.0,0.0,0.0,0.0,0.0,0.0,0.25
592,1031,,Kole Sherwood,RW,CLE,19.647,2,0,0,0,0,0,3,0.0,0.0,0.0,0.0,0.0,0.0,1.5
855,980,,Rocco Carzo,F,BRI,26.21,1,0,0,0,0,0,0,0.0,0.0,0.0,0.0,0.0,0.0,0.0
831,1038,,Radovan Bondra,RW,RFD,19.634,5,0,0,0,0,0,2,0.0,0.0,0.0,0.0,0.0,0.0,0.4
589,1051,,Kevin Schulze,D,WBS,23.382,1,0,0,0,0,0,1,0.0,0.0,0.0,0.0,0.0,0.0,1.0
586,1072,,Kevin Raine,D,CHA,23.302,13,0,0,0,0,0,8,0.0,0.0,0.0,0.0,0.0,0.0,0.62
17,1069,,Adam Pleskach,RW,MB,28.192,1,0,0,0,0,0,0,0.0,0.0,0.0,0.0,0.0,0.0,0.0
584,1007,,Kevin Morris,LW,SYR,23.776,2,0,0,0,0,0,1,0.0,0.0,0.0,0.0,0.0,0.0,0.5
25,970,,Alex Biega,D,UTI,28.45,1,0,0,0,0,0,0,0.0,0.0,0.0,0.0,0.0,0.0,0.0
347,1054,,Evan Campbell,C,BAK,23.543000000000006,1,0,0,0,0,0,0,0.0,0.0,0.0,0.0,0.0,0.0,0.0
1050,996,,Willie Corrin,D,TOR,25.126,4,0,0,0,0,0,2,0.0,0.0,0.0,0.0,0.0,0.0,0.5
570,965,,Kellan Lain,C,BAK,27.097,2,0,0,0,0,0,0,0.0,0.0,0.0,0.0,0.0,0.0,0.0
30,1001,,Alex Gudbranson,D,TOR,22.035,4,0,0,0,0,0,2,0.0,0.0,0.0,0.0,0.0,0.0,0.5
1045,1030,,Will Merchant,LW,TEX,22.675,1,0,0,0,0,0,0,0.0,0.0,0.0,0.0,0.0,0.0,0.0
297,1037,,Dennis Yan,LW,SYR,19.423,3,0,0,0,0,0,2,0.0,0.0,0.0,0.0,0.0,0.0,0.67
866,954,,Ryan Culkin,D,STK,22.752,19,0,0,0,0,0,25,0.0,0.0,0.0,0.0,0.0,0.0,1.32
332,976,,Eric Baier,D,RCH,28.474,2,0,0,0,0,0,0,0.0,0.0,0.0,0.0,0.0,0.0,0.0
36,990,,Alex Wall,D,UTI,25.873,2,0,0,0,0,0,2,0.0,0.0,0.0,0.0,0.0,0.0,1.0
523,1009,,Josh Atkinson,D,CHI,23.943,2,0,0,0,0,0,2,0.0,0.0,0.0,0.0,0.0,0.0,1.0
295,1050,,Dennis Cholowski,D,GR,18.582,1,0,0,0,0,0,0,0.0,0.0,0.0,0.0,0.0,0.0,0.0
818,1032,,Phil Brewer,RW,MB,26.432,2,0,0,0,0,0,4,0.0,0.0,0.0,0.0,0.0,0.0,2.0
551,1014,,Justin Hamonic,D,SA,22.585,3,0,0,0,0,0,1,0.0,0.0,0.0,0.0,0.0,0.0,0.33
42,977,,Alexis Loiseau,C,BNG,22.678,3,0,0,0,0,0,2,0.0,0.0,0.0,0.0,0.0,0.0,0.67
370,989,,Garrett Meurs,RW,MIL,23.675,1,0,0,0,0,0,1,0.0,0.0,0.0,0.0,0.0,0.0,1.0
516,975,,Jordan Smotherman,LW,SPR,30.35,5,0,0,0,0,0,9,0.0,0.0,0.0,0.0,0.0,0.0,1.8
1001,1039,,Troy Crema,RW,RCH,21.298,2,0,0,0,0,0,0,0.0,0.0,0.0,0.0,0.0,0.0,0.0
387,959,,Guillaume Gelinas,D,IA,23.256,1,0,0,0,0,0,0,0.0,0.0,0.0,0.0,0.0,0.0,0.0
439,986,,Jamie Doornbosch,D,BNG,26.621,8,0,0,0,0,0,6,0.0,0.0,0.0,0.0,0.0,0.0,0.75
780,1010,,Nolan La Porte,RW,IA,24.367,1,0,0,0,0,0,0,0.0,0.0,0.0,0.0,0.0,0.0,0.0
450,962,,Jason Fram,D,SJ,21.399,2,0,0,0,0,0,2,0.0,0.0,0.0,0.0,0.0,0.0,1.0
904,1018,,Scott Savage,D,CLE,21.432,3,0,0,0,0,0,1,0.0,0.0,0.0,0.0,0.0,0.0,0.33
786,993,,Olivier Labelle,RW,SYR,31.171,6,0,0,0,0,0,3,0.0,0.0,0.0,0.0,0.0,0.0,0.5
155,974,,Brock Higgs,C,PRO,24.367,2,0,0,0,0,0,1,0.0,0.0,0.0,0.0,0.0,0.0,0.5
458,1026,,Jeff Taylor,D,WBS,22.426,6,0,0,0,0,0,5,0.0,0.0,0.0,0.0,0.0,0.0,0.83
941,968,,Steven Swavely,C,LV,24.784,16,0,0,0,0,0,10,0.0,0.0,0.0,0.0,0.0,0.0,0.62
149,969,,Brian Ferlin,RW,PRO,24.285,2,0,0,0,0,0,2,0.0,0.0,0.0,0.0,0.0,0.0,1.0
463,1049,,Jesse Gabrielle,LW,PRO,19.247,1,0,0,0,0,0,2,0.0,0.0,0.0,0.0,0.0,0.0,2.0
465,966,,Jesse Mychan,LW,SA,24.206,5,0,0,0,0,0,7,0.0,0.0,0.0,0.0,0.0,0.0,1.4
470,1062,,Jiri Fronk,RW,MB,22.604,1,0,0,0,0,0,2,0.0,0.0,0.0,0.0,0.0,0.0,2.0
958,982,,Teddy Doherty,D,SPR,22.393,1,0,0,0,0,0,0,0.0,0.0,0.0,0.0,0.0,0.0,0.0
475,983,,Joe Faust,D,TEX,24.836,4,0,0,0,0,0,3,0.0,0.0,0.0,0.0,0.0,0.0,0.75
216,1002,,Christian Hilbrich,LW,WBS,24.187,6,0,0,0,0,0,3,0.0,0.0,0.0,0.0,0.0,0.0,0.5
430,955,,Jake Marchment,C,SJ,21.326,4,0,0,0,0,0,2,0.0,0.0,0.0,0.0,0.0,0.0,0.5
962,978,,Thomas Frazee,C,SA,26.462,6,0,0,0,0,0,2,0.0,0.0,0.0,0.0,0.0,0.0,0.33
914,1006,,Shane Conacher,RW,TOR,22.396,3,0,0,0,0,0,2,0.0,0.0,0.0,0.0,0.0,0.0,0.67
924,1015,,Spencer Asuchak,LW,PRO,24.816,3,0,0,0,0,0,2,0.0,0.0,0.0,0.0,0.0,0.0,0.67
768,979,,Nick Sorkin,RW,WBS/SD,25.287,8,0,0,0,0,0,9,0.0,0.0,0.0,0.0,0.0,0.0,1.12
177,1044,,Carson Soucy,D,IA,24.137,3,0,0,0,0,0,2,0.0,0.0,0.0,0.0,0.0,0.0,0.67
411,1011,,Jack Nevins,LW,IA,22.993,1,0,0,0,0,0,2,0.0,0.0,0.0,0.0,0.0,0.0,2.0
916,1066,,Shawn O'Donnell,RW,MIL,28.302,6,0,0,0,0,0,7,0.0,0.0,0.0,0.0,0.0,0.0,1.17
776,997,,Nikolas Brouillard,D,TOR,21.605,1,0,0,0,0,0,3,0.0,0.0,0.0,0.0,0.0,0.0,3.0
762,1067,,Nick Mattson,D,RFD,24.893,2,0,0,0,0,0,0,0.0,0.0,0.0,0.0,0.0,0.0,0.0
165,972,,Brycen Martin,D,RCH,20.354,18,0,0,0,0,0,10,0.0,0.0,0.0,0.0,0.0,0.0,0.56
913,953,,Shane Bakker,C,PRO,28.847,2,0,0,0,0,0,2,0.0,0.0,0.0,0.0,0.0,0.0,1.0
172,1056,,Cam Braes,C,STK,25.676,1,0,0,0,0,0,2,0.0,0.0,0.0,0.0,0.0,0.0,2.0
205,1012,,Chris LeBlanc,RW,BNG,23.009,6,0,0,0,0,0,2,0.0,0.0,0.0,0.0,0.0,0.0,0.33
206,1036,,Chris Martenet,D,TEX,19.973,3,0,0,0,0,0,1,0.0,0.0,0.0,0.0,0.0,0.0,0.33
393,956,,Harrison Ruopp,D,SJ,23.499,3,0,0,0,0,0,0,0.0,0.0,0.0,0.0,0.0,0.0,0.0
166,952,,Bryn Chyzyk,LW,RFD,23.861,2,0,0,0,0,0,5,0.0,0.0,0.0,0.0,0.0,0.0,2.5
899,949,,Scott Harrington,D,CLE,23.519,2,0,0,0,0,0,4,0.0,0.0,0.0,0.0,0.0,0.0,2.0
478,1042,,Joe Houk,D,TEX,26.3,1,0,0,0,0,0,2,0.0,0.0,0.0,0.0,0.0,0.0,2.0
520,951,,Joseph Cramarossa,LW,SD,23.888,2,0,0,0,0,0,2,0.0,0.0,0.0,0.0,0.0,0.0,1.0
96,1028,,Ben Storm,LW,SA,22.465,7,0,0,0,0,0,3,0.0,0.0,0.0,0.0,0.0,0.0,0.43
107,995,,Boyd Gordon,C,LV,32.91,6,0,0,0,0,0,6,0.0,0.0,0.0,0.0,0.0,0.0,1.0
986,988,,Travis Brown,D,SJ,22.506,1,0,0,0,0,0,0,0.0,0.0,0.0,0.0,0.0,0.0,0.0
105,1064,,Bobby Shea,D,RCH,26.158,10,0,0,0,0,0,5,0.0,0.0,0.0,0.0,0.0,0.0,0.5
988,1059,,Travis Ewanyk,C,TEX,23.467,1,0,0,0,0,0,0,0.0,0.0,0.0,0.0,0.0,0.0,0.0
501,973,,Jonathan Carlsson,D,RFD,28.113000000000003,2,0,0,0,0,0,2,0.0,0.0,0.0,0.0,0.0,0.0,1.0
505,1024,,Jordan Boucher,LW,BNG,22.566,9,0,0,0,0,0,7,0.0,0.0,0.0,0.0,0.0,0.0,0.78
507,991,,Jordan Henry,D,RCH,30.593000000000004,1,0,0,0,0,0,0,0.0,0.0,0.0,0.0,0.0,0.0,0.0
982,999,,Tommy Thompson,RW,HFD,25.925,3,0,0,0,0,0,3,0.0,0.0,0.0,0.0,0.0,0.0,1.0
508,1058,,Jordan Hill,D,MB,27.524,6,0,0,0,0,0,4,0.0,0.0,0.0,0.0,0.0,0.0,0.67
509,1053,,Jordan Kyrou,C,CHI,18.366,1,0,0,0,0,0,1,0.0,0.0,0.0,0.0,0.0,0.0,1.0
995,1048,,Trevor Mingoia,RW,SA,24.66,2,0,0,0,0,0,1,0.0,0.0,0.0,0.0,0.0,0.0,0.5
195,1043,,Chaz Reddekopp,D,ONT,19.705,3,0,0,0,0,0,3,0.0,0.0,0.0,0.0,0.0,0.0,1.0
890,1020,,Sam Kurker,RW,ALB,22.44,1,0,0,0,0,0,0,0.0,0.0,0.0,0.0,0.0,0.0,0.0
999,1060,,Triston Grant,LW,BNG,32.619,1,0,0,0,0,0,0,0.0,0.0,0.0,0.0,0.0,0.0,0.0
500,1023,,Jonas Siegenthaler,D,HER,19.362,7,0,0,0,0,0,10,0.0,0.0,0.0,0.0,0.0,0.0,1.43
492,987,,John McCarron,RW,STJ,24.417,3,0,0,0,0,0,5,0.0,0.0,0.0,0.0,0.0,0.0,1.67
133,1000,,Brendan O'Donnell,F,TEX,24.225,6,0,0,0,0,0,1,0.0,0.0,0.0,0.0,0.0,0.0,0.17
125,1063,,Brandon McNally,LW,SD,24.603,2,0,0,0,0,0,2,0.0,0.0,0.0,0.0,0.0,0.0,1.0
965,1022,,Tim Clifton,C,SJ,24.318,8,0,0,0,0,0,3,0.0,0.0,0.0,0.0,0.0,0.0,0.38
966,1019,,Tim Daly,D,MB,24.622,2,0,0,0,0,0,4,0.0,0.0,0.0,0.0,0.0,0.0,2.0
790,1070,,Parker Wotherspoon,D,BRI,19.061,4,0,0,0,0,0,7,0.0,0.0,0.0,0.0,0.0,0.0,1.75
378,1025,,Givani Smith,RW,GR,18.549,3,0,0,0,0,0,2,0.0,0.0,0.0,0.0,0.0,0.0,0.67
128,1013,,Brant  Harris,RW,BRI,26.938,3,0,0,0,0,0,4,0.0,0.0,0.0,0.0,0.0,0.0,1.33
724,1008,,Mike Cazzola,LW,BNG,25.526,3,0,0,0,0,0,1,0.0,0.0,0.0,0.0,0.0,0.0,0.33
123,985,,Brandon MacLean,LW,STJ,29.033,2,0,0,0,0,0,2,0.0,0.0,0.0,0.0,0.0,0.0,1.0
113,1027,,Brady Shaw,LW,SA,23.954,6,0,0,0,0,0,4,0.0,0.0,0.0,0.0,0.0,0.0,0.67
121,1045,,Brandon Gignac,F,ALB,18.856,2,0,0,0,0,0,2,0.0,0.0,0.0,0.0,0.0,0.0,1.0
723,984,,Mike Brown,RW,CLE,31.229,11,0,0,0,0,0,10,0.0,0.0,0.0,0.0,0.0,0.0,0.91
485,963,,Joel Rechlicz,RW,BAK,29.257,15,0,0,0,0,0,9,0.0,0.0,0.0,0.0,0.0,0.0,0.6
717,994,,Mikael  Tam,D,BAK,25.391,2,0,0,0,0,0,3,0.0,0.0,0.0,0.0,0.0,0.0,1.5
243,1065,,Colton Saucerman,D,HER/SPR,24.365,5,0,0,0,0,0,7,0.0,0.0,0.0,0.0,0.0,0.0,1.4
246,957,,Connor Crisp,LW,STJ,22.44,7,0,0,0,0,0,8,0.0,0.0,0.0,0.0,0.0,0.0,1.14
1073,1035,,Ziyat Paigin,D,BAK,21.602,5,0,0,0,0,0,5,0.0,0.0,0.0,0.0,0.0,0.0,1.0
