,Name,Pos,Team,Age,GP,G,A1,A2,P1,P,Sh,Sh%,G/GP,A1/GP,A2/GP,P1/GP,P/GP,Sh/GP,FOW,FOT,FOW%
0,Yanni Gourde,LW,VIC,19.751,68,37,51,36,88,124,186,19.89,0.54,0.75,0.53,1.29,1.82,2.74,229,489,46.83
1,Zach O'Brien,C,BAT,19.212,63,50,36,15,86,101,260,19.23,0.79,0.57,0.24,1.37,1.6,4.13,450,868,51.84
2,Sebastien Trudeau,RW,BAT,20.146,67,31,37,27,68,95,212,14.62,0.46,0.55,0.4,1.01,1.42,3.16,11,28,39.29
3,Alex Belzile,RW,RIM,20.041,63,22,39,31,61,92,178,12.36,0.35,0.62,0.49,0.97,1.46,2.83,311,605,51.4
4,Frederick Roy,RW,QUE,20.551,64,27,36,29,63,92,131,20.61,0.42,0.56,0.45,0.98,1.44,2.05,117,260,45.0
5,Danick Gauthier,C,SNB,19.894,66,47,24,15,71,86,238,19.75,0.71,0.36,0.23,1.08,1.3,3.61,574,1199,47.87
6,Brandon Hynes,RW,VIC,19.001,61,42,23,21,65,86,297,14.14,0.69,0.38,0.34,1.07,1.41,4.87,3,7,42.86
7,Mikhail Grigorenko,C,QUE,17.334,59,40,24,21,64,85,196,20.41,0.68,0.41,0.36,1.08,1.44,3.32,572,1131,50.57
8,Jonathan Brunelle,C,CAP,19.946,68,30,29,26,59,85,250,12.0,0.44,0.43,0.38,0.87,1.25,3.68,673,1366,49.27
9,Alex Saulnier,C,MON,19.039,58,31,27,25,58,83,143,21.68,0.53,0.47,0.43,1.0,1.43,2.47,728,1352,53.85
10,Matthew Bissonnette,LW,BAT,19.664,65,36,24,23,60,83,231,15.58,0.55,0.37,0.35,0.92,1.28,3.55,202,392,51.53
11,Ben Duffy,C,PEI,19.535,68,34,33,15,67,82,199,17.09,0.5,0.49,0.22,0.99,1.21,2.93,576,1133,50.84
12,Alexandre Mallet,C,RIM,19.316,68,34,27,20,61,81,162,20.99,0.5,0.4,0.29,0.9,1.19,2.38,511,985,51.88
13,Zack Phillips,C,SNB,18.881,60,30,35,15,65,80,223,13.45,0.5,0.58,0.25,1.08,1.33,3.72,516,1037,49.76
14,Philippe Halley,LW,VIC,19.269,66,43,25,11,68,79,181,23.76,0.65,0.38,0.17,1.03,1.2,2.74,115,256,44.92
15,Allain Saulnier,RW,MON,19.039,66,30,25,24,55,79,223,13.45,0.45,0.38,0.36,0.83,1.2,3.38,169,380,44.47
16,Nathan MacKinnon,C,HAL,16.039,58,31,21,26,52,78,209,14.83,0.53,0.36,0.45,0.9,1.34,3.6,459,1004,45.72
17,Philippe Maillet,C,VIC,18.853,62,33,29,14,62,76,231,14.29,0.53,0.47,0.23,1.0,1.23,3.73,485,1007,48.16
18,Anton Zlobin,LW,SHA,18.56,66,40,17,19,57,76,195,20.51,0.61,0.26,0.29,0.86,1.15,2.95,0,0,0.0
19,Guillaume Asselin,RW,CHI,19.015,68,33,23,19,56,75,142,23.24,0.49,0.34,0.28,0.82,1.1,2.09,7,15,46.67
20,Jess Tanguy,C,BLB,19.439,63,22,28,25,50,75,223,9.87,0.35,0.44,0.4,0.79,1.19,3.54,498,1011,49.26
21,Sven Andrighetto,RW,ROU,18.486,62,36,26,12,62,74,239,15.06,0.58,0.42,0.19,1.0,1.19,3.85,138,278,49.64
22,Jerome Gauthier-Leduc,D,RIM,19.127,62,28,30,16,58,74,262,10.69,0.45,0.48,0.26,0.94,1.19,4.23,1,1,100.0
23,Jonathan Huberdeau,LW,SNB,18.281,37,30,29,13,59,72,123,24.39,0.81,0.78,0.35,1.59,1.95,3.32,45,85,52.94
24,Yannick Dube,RW,VIC,19.039,68,36,22,14,58,72,210,17.14,0.53,0.32,0.21,0.85,1.06,3.09,16,39,41.03
25,Marc-Olivier Brouillard,RW,DRU,18.582,65,27,30,15,57,72,227,11.89,0.42,0.46,0.23,0.88,1.11,3.49,42,75,56.0
26,Andre Bouvet-Morrissette,RW,DRU,20.137,63,39,16,17,55,72,231,16.88,0.62,0.25,0.27,0.87,1.14,3.67,283,481,58.84
27,Phillip Danault,C,VIC,18.555,62,18,29,24,47,71,167,10.78,0.29,0.47,0.39,0.76,1.15,2.69,830,1625,51.08
28,William Carrier,LW,CAP,16.737,66,27,23,20,50,70,198,13.64,0.41,0.35,0.3,0.76,1.06,3.0,14,25,56.0
29,Michael Beaudry,C,VDO,19.39,68,20,29,21,49,70,176,11.36,0.29,0.43,0.31,0.72,1.03,2.59,724,1413,51.24
30,Marek Hrivik,LW,MON,20.05,54,29,29,12,58,70,238,12.18,0.54,0.54,0.22,1.07,1.3,4.41,67,160,41.88
31,Benjamin Casavant,LW,VDO,20.649,57,34,20,15,54,69,164,20.73,0.6,0.35,0.26,0.95,1.21,2.88,29,60,48.33
32,Tomas Jurco,RW,SNB,18.714,48,30,21,17,51,68,186,16.13,0.62,0.44,0.35,1.06,1.42,3.88,8,16,50.0
33,Christian Ouellet,RW,GAT/CHI,20.05,68,25,20,23,45,68,160,15.62,0.37,0.29,0.34,0.66,1.0,2.35,121,305,39.67
34,Anthony Duclair,LW,QUE,16.055,63,31,23,12,54,66,126,24.6,0.49,0.37,0.19,0.86,1.05,2.0,0,0,0.0
35,Charles Hudon,LW,CHI,17.23,59,25,25,16,50,66,199,12.56,0.42,0.42,0.27,0.85,1.12,3.37,33,62,53.23
36,Stefan Fournier,RW,VIC,19.376,64,32,19,14,51,65,180,17.78,0.5,0.3,0.22,0.8,1.02,2.81,53,116,45.69
37,Jean-Gabriel Pageau,C,GAT/CHI,18.842,46,32,18,15,50,65,196,16.33,0.7,0.39,0.33,1.09,1.41,4.26,625,1131,55.26
38,Alexandre Grenier,RW,HAL,20.028,64,25,28,11,53,64,139,17.99,0.39,0.44,0.17,0.83,1.0,2.17,31,74,41.89
39,Tomas Hyka,RW,GAT,18.481,50,20,23,21,43,64,137,14.6,0.4,0.46,0.42,0.86,1.28,2.74,16,51,31.37
40,Michael Chaput,C,SHA,19.434,57,21,24,18,45,63,177,11.86,0.37,0.42,0.32,0.79,1.11,3.11,777,1254,61.96
41,Mathieu Gagnon,D,GAT/CHI,18.867,68,14,31,17,45,62,163,8.59,0.21,0.46,0.25,0.66,0.91,2.4,0,0,0.0
42,David Rose,RW,BAC/CAP,20.088,67,17,28,17,45,62,217,7.83,0.25,0.42,0.25,0.67,0.93,3.24,72,159,45.28
43,Carl Gelinas,C,BAC,19.606,63,25,24,12,49,61,190,13.16,0.4,0.38,0.19,0.78,0.97,3.02,65,146,44.52
44,Matej Beran,RW,PEI,17.843,68,22,27,12,49,61,152,14.47,0.32,0.4,0.18,0.72,0.9,2.24,88,183,48.09
45,Xavier Ouellet,D,BLB,18.13,63,21,20,19,41,60,202,10.4,0.33,0.32,0.3,0.65,0.95,3.21,1,2,50.0
46,Alexandre Comtois,RW,QUE,19.387,68,20,23,16,43,59,144,13.89,0.29,0.34,0.24,0.63,0.87,2.12,68,131,51.91
47,Yannick Veilleux,RW,SHA,18.56,59,27,14,17,41,58,186,14.52,0.46,0.24,0.29,0.69,0.98,3.15,2,6,33.33
48,Mathieu Brisebois,D,ROU,19.412,68,17,23,16,40,56,142,11.97,0.25,0.34,0.24,0.59,0.82,2.09,3,4,75.0
49,Michael Bournival,C,SHA,19.291,41,30,14,12,44,56,169,17.75,0.73,0.34,0.29,1.07,1.37,4.12,367,659,55.69
50,Peter Trainor,LW,RIM,18.289,68,29,12,15,41,56,137,21.17,0.43,0.18,0.22,0.6,0.82,2.01,8,19,42.11
51,Matthew Boudreau,C,HAL,18.519,67,26,14,16,40,56,130,20.0,0.39,0.21,0.24,0.6,0.84,1.94,272,657,41.4
52,Denis Kamaev,RW,ROU,17.528,67,21,20,14,41,55,158,13.29,0.31,0.3,0.21,0.61,0.82,2.36,5,15,33.33
53,Christopher Clapperton,LW,BLB,17.561,56,18,18,19,36,55,106,16.98,0.32,0.32,0.34,0.64,0.98,1.89,5,32,15.62
54,Darcy Ashley,RW,HAL,18.568,62,23,19,13,42,55,155,14.84,0.37,0.31,0.21,0.68,0.89,2.5,50,105,47.62
55,Adam Erne,LW,QUE,16.406,64,28,16,11,44,55,211,13.27,0.44,0.25,0.17,0.69,0.86,3.3,5,12,41.67
56,Kirill Kabanov,RW,SHA,19.165,50,21,21,13,42,55,144,14.58,0.42,0.42,0.26,0.84,1.1,2.88,10,28,35.71
57,Peter Sakaris,RW,SHA,19.05,62,22,19,13,41,54,155,14.19,0.35,0.31,0.21,0.66,0.87,2.5,8,19,42.11
58,Tomas Filippi,RW,BAC,19.365,60,19,21,13,40,53,187,10.16,0.32,0.35,0.22,0.67,0.88,3.12,365,734,49.73
59,Nicolas Larocque-Marcoux,D,VDO,19.806,62,21,17,14,38,52,153,13.73,0.34,0.27,0.23,0.61,0.84,2.47,3,13,23.08
60,Nathan Beaulieu,D,SNB,18.777,53,11,21,20,32,52,150,7.33,0.21,0.4,0.38,0.6,0.98,2.83,0,1,0.0
61,Morgan Ellis,D,CAP/SHA,19.376,60,15,17,20,32,52,199,7.54,0.25,0.28,0.33,0.53,0.87,3.32,0,0,0.0
62,Martin Lefebvre,D,QUE,19.228,66,12,20,19,32,51,115,10.43,0.18,0.3,0.29,0.48,0.77,1.74,0,0,0.0
63,Anthony Mantha,RW,VDO,16.997,63,22,19,10,41,51,133,16.54,0.35,0.3,0.16,0.65,0.81,2.11,9,25,36.0
64,Pierre-Olivier Morin,LW,SHA,20.397,66,20,20,10,40,50,184,10.87,0.3,0.3,0.15,0.61,0.76,2.79,413,806,51.24
65,Jeremie Blain,D,VIC/BAT,19.491,58,9,15,26,24,50,121,7.44,0.16,0.26,0.45,0.41,0.86,2.09,0,0,0.0
66,Tommy Giroux,C,BLB/DRU,19.305,68,22,20,8,42,50,131,16.79,0.32,0.29,0.12,0.62,0.74,1.93,250,508,49.21
67,Cameron Critchlow,LW,HAL,19.743,68,21,16,13,37,50,156,13.46,0.31,0.24,0.19,0.54,0.74,2.29,247,441,56.01
68,Etienne Brodeur,LW,CHI,20.518,63,22,14,13,36,49,197,11.17,0.35,0.22,0.21,0.57,0.78,3.13,24,46,52.17
69,Raphael Pouliot,LW,BLB,20.417,66,24,15,10,39,49,167,14.37,0.36,0.23,0.15,0.59,0.74,2.53,31,79,39.24
70,Alex Emond,C,RIM/DRU,19.998,63,23,14,11,37,48,164,14.02,0.37,0.22,0.17,0.59,0.76,2.6,834,1460,57.12
71,Cedric Paquette,C,BLB,18.089,63,31,11,6,42,48,184,16.85,0.49,0.17,0.1,0.67,0.76,2.92,602,1169,51.5
72,Alexandre Lavoie,C,CAP/CHI,18.826,65,23,14,10,37,47,101,22.77,0.35,0.22,0.15,0.57,0.72,1.55,369,724,50.97
73,Christophe Lalancette,C,BAT,17.361,63,16,19,12,35,47,110,14.55,0.25,0.3,0.19,0.56,0.75,1.75,457,992,46.07
74,Josh Currie,C,PEI,18.878,68,30,8,8,38,46,208,14.42,0.44,0.12,0.12,0.56,0.68,3.06,811,1635,49.6
75,Gabriel Desjardins,LW,QUE/HAL,18.848,63,23,13,9,36,45,156,14.74,0.37,0.21,0.14,0.57,0.71,2.48,40,79,50.63
76,Rock Regimbald,C,GAT,19.354,61,17,16,12,33,45,95,17.89,0.28,0.26,0.2,0.54,0.74,1.56,515,952,54.1
77,Lukas Sedlak,C,CHI,18.552,50,17,16,12,33,45,126,13.49,0.34,0.32,0.24,0.66,0.9,2.52,652,1105,59.0
78,Jessyko Bernard,RW,ROU/PEI,20.43,55,17,10,17,27,44,100,17.0,0.31,0.18,0.31,0.49,0.8,1.82,110,228,48.25
79,Patrick Delisle-Houde,LW,MON,20.085,63,15,19,10,34,44,122,12.3,0.24,0.3,0.16,0.54,0.7,1.94,107,211,50.71
80,Raphael Bussieres,LW,BAC,17.859,56,21,13,10,34,44,147,14.29,0.38,0.23,0.18,0.61,0.79,2.62,56,133,42.11
81,Konrad Abeltshauser,D,HAL,19.034,57,8,24,12,32,44,157,5.1,0.14,0.42,0.21,0.56,0.77,2.75,1,2,50.0
82,Samuel Carrier,D,BAC,19.382,51,13,17,13,30,43,187,6.95,0.25,0.33,0.25,0.59,0.84,3.67,0,0,0.0
83,Loik Poudrier,C,SHA,19.19,68,18,19,6,37,43,149,12.08,0.26,0.28,0.09,0.54,0.63,2.19,491,921,53.31
84,Mikael Tam,D,QUE,20.389,68,15,19,9,34,43,200,7.5,0.22,0.28,0.13,0.5,0.63,2.94,0,0,0.0
85,Mirko Hoefflin,C,BAT,19.242,59,18,14,10,32,42,148,12.16,0.31,0.24,0.17,0.54,0.71,2.51,339,671,50.52
86,Steve Lebel,C,CHI,19.097,68,15,16,11,31,42,178,8.43,0.22,0.24,0.16,0.46,0.62,2.62,671,1346,49.85
87,Alexandre Durette,RW,BAC/VDO,19.538,65,17,12,13,29,42,117,14.53,0.26,0.18,0.2,0.45,0.65,1.8,367,721,50.9
88,Logan Shaw,RW,QUE/CAP,18.944,60,20,16,5,36,41,192,10.42,0.33,0.27,0.08,0.6,0.68,3.2,18,40,45.0
89,Sacha Guimond,D,BAC,20.469,65,9,18,14,27,41,126,7.14,0.14,0.28,0.22,0.42,0.63,1.94,1,1,100.0
90,Antoine Quevillon,LW,ROU,19.795,63,15,13,13,28,41,160,9.38,0.24,0.21,0.21,0.44,0.65,2.54,35,94,37.23
91,Michael McNamee,C,QUE,18.894,57,18,16,7,34,41,104,17.31,0.32,0.28,0.12,0.6,0.72,1.82,558,1052,53.04
92,Charles-Olivier Roussel,D,SNB,20.006,58,13,10,17,23,40,141,9.22,0.22,0.17,0.29,0.4,0.69,2.43,0,0,0.0
93,Jakub Culek,LW,RIM,19.02,55,13,17,10,30,40,137,9.49,0.24,0.31,0.18,0.55,0.73,2.49,141,316,44.62
94,Ryan Tesink,RW,SNB,18.319,36,13,17,10,30,40,72,18.06,0.36,0.47,0.28,0.83,1.11,2.0,22,68,32.35
95,Emile Poirier,LW,GAT,16.753,67,15,14,11,29,40,108,13.89,0.22,0.21,0.16,0.43,0.6,1.61,19,35,54.29
96,Michael Clarke,LW,CAP/BLB,18.322,68,14,13,13,27,40,122,11.48,0.21,0.19,0.19,0.4,0.59,1.79,12,26,46.15
97,Mathieu Guertin,LW,VDO,19.286,67,16,12,11,28,39,116,13.79,0.24,0.18,0.16,0.42,0.58,1.73,16,35,45.71
98,Frederic Gamelin,C,BAC,17.18,60,11,15,13,26,39,71,15.49,0.18,0.25,0.22,0.43,0.65,1.18,341,712,47.89
99,Marc-Olivier Roy,C,BLB,16.86,63,17,14,8,31,39,73,23.29,0.27,0.22,0.13,0.49,0.62,1.16,96,224,42.86
100,Cedrick Henley,C,VDO,19.68,53,13,16,10,29,39,110,11.82,0.25,0.3,0.19,0.55,0.74,2.08,16,52,30.77
101,Olivier Archambault,LW,DRU,18.577,45,17,18,4,35,39,123,13.82,0.38,0.4,0.09,0.78,0.87,2.73,211,408,51.72
102,Charles Coyle,RW,SNB,19.538,23,15,18,5,33,38,80,18.75,0.65,0.78,0.22,1.43,1.65,3.48,152,312,48.72
103,Denis Kindl,C,CAP,19.113,62,18,10,10,28,38,143,12.59,0.29,0.16,0.16,0.45,0.61,2.31,270,601,44.93
104,Jonathan Lessard,RW,BAC,20.562,50,27,6,5,33,38,181,14.92,0.54,0.12,0.1,0.66,0.76,3.62,5,15,33.33
105,Dillon Fournier,D,ROU,17.252,52,9,18,11,27,38,63,14.29,0.17,0.35,0.21,0.52,0.73,1.21,1,1,100.0
106,Jean-Philippe Mathieu,D,RIM/DRU,20.46,47,8,22,8,30,38,80,10.0,0.17,0.47,0.17,0.64,0.81,1.7,0,0,0.0
107,Dylan Anderson,C,BLB,20.553,68,13,16,9,29,38,119,10.92,0.19,0.24,0.13,0.43,0.56,1.75,704,1264,55.7
108,Lukas Cingel,RW,BAC,18.941,63,18,11,9,29,38,148,12.16,0.29,0.17,0.14,0.46,0.6,2.35,1,5,20.0
109,Scott Oke,LW,RIM/SNB,18.5,64,13,17,8,30,38,83,15.66,0.2,0.27,0.12,0.47,0.59,1.3,49,120,40.83
110,Maximilien Le Sieur,RW,SHA,18.965,61,20,7,10,27,37,119,16.81,0.33,0.11,0.16,0.44,0.61,1.95,182,343,53.06
111,Garrett Clarke,LW,BAT/GAT,18.864,55,9,12,16,21,37,124,7.26,0.16,0.22,0.29,0.38,0.67,2.25,0,0,0.0
112,Alex Micallef,D,BLB,19.174,55,13,12,12,25,37,106,12.26,0.24,0.22,0.22,0.45,0.67,1.93,0,0,0.0
113,Petr Straka,RW,RIM,19.25,54,18,11,8,29,37,141,12.77,0.33,0.2,0.15,0.54,0.69,2.61,5,13,38.46
114,Jonathan Narbonne,D,SHA/BLB,18.996,57,11,16,10,27,37,121,9.09,0.19,0.28,0.18,0.47,0.65,2.12,0,0,0.0
115,Kevin Gagne,D,SNB,19.42,68,9,14,12,23,35,106,8.49,0.13,0.21,0.18,0.34,0.51,1.56,5,9,55.56
116,Christophe Losier,C,BAT,20.392,51,16,15,4,31,35,88,18.18,0.31,0.29,0.08,0.61,0.69,1.73,520,929,55.97
117,Gabriel Bourret,D,CHI,18.933,68,5,15,15,20,35,121,4.13,0.07,0.22,0.22,0.29,0.51,1.78,0,0,0.0
118,Luca Ciampini,LW,HAL,17.523,68,11,12,12,23,35,107,10.28,0.16,0.18,0.18,0.34,0.51,1.57,6,12,50.0
119,Stephen MacAulay,RW,SNB,19.404,60,15,10,10,25,35,98,15.31,0.25,0.17,0.17,0.42,0.58,1.63,143,316,45.25
120,Cory MacIntosh,LW,CAP,19.338,68,15,12,7,27,34,139,10.79,0.22,0.18,0.1,0.4,0.5,2.04,340,688,49.42
121,Guillaume Gelinas,D,VDO,18.254,64,10,11,13,21,34,154,6.49,0.16,0.17,0.2,0.33,0.53,2.41,0,0,0.0
122,Olivier Croteau,LW,PEI,19.617,63,15,11,8,26,34,138,10.87,0.24,0.17,0.13,0.41,0.54,2.19,14,28,50.0
123,Francis Beauvillier,LW,RIM,17.898,67,23,6,5,29,34,167,13.77,0.34,0.09,0.07,0.43,0.51,2.49,261,524,49.81
124,Kyle Farrell,C,CAP,17.575,59,13,14,6,27,33,120,10.83,0.22,0.24,0.1,0.46,0.56,2.03,237,493,48.07
125,Matthieu Theriault,C,VDO,19.187,66,14,10,9,24,33,114,12.28,0.21,0.15,0.14,0.36,0.5,1.73,531,934,56.85
126,Adam Chapman,LW,GAT,17.684,49,15,6,12,21,33,85,17.65,0.31,0.12,0.24,0.43,0.67,1.73,247,508,48.62
127,Aidan Kelly,RW,SNB,18.579,61,9,12,11,21,32,69,13.04,0.15,0.2,0.18,0.34,0.52,1.13,80,154,51.95
128,Adam Janosik,D,GAT,19.02,51,6,17,9,23,32,96,6.25,0.12,0.33,0.18,0.45,0.63,1.88,1,1,100.0
129,Sebastien Payette,D,CAP,19.877,54,7,15,10,22,32,72,9.72,0.13,0.28,0.19,0.41,0.59,1.33,0,4,0.0
130,Alexandros Soumakis,LW,GAT,17.58,48,20,9,3,29,32,96,20.83,0.42,0.19,0.06,0.6,0.67,2.0,18,43,41.86
131,Marc-Andre Levesque,D,PEI,20.668,68,5,14,13,19,32,95,5.26,0.07,0.21,0.19,0.28,0.47,1.4,0,0,0.0
132,Jean-Sebastien Dea,C,ROU,17.599,50,17,7,8,24,32,71,23.94,0.34,0.14,0.16,0.48,0.64,1.42,335,688,48.69
133,Brandon Gormley,D,MON/SHA,19.573,35,10,15,7,25,32,132,7.58,0.29,0.43,0.2,0.71,0.91,3.77,0,0,0.0
134,Bryce Milson,LW,DRU,18.637,63,15,12,5,27,32,115,13.04,0.24,0.19,0.08,0.43,0.51,1.83,364,769,47.33
135,Emil Sylvegard,C,DRU,18.484,65,13,8,10,21,31,142,9.15,0.2,0.12,0.15,0.32,0.48,2.18,3,12,25.0
136,Jeremie Malouin,C,QUE,19.417,66,14,8,9,22,31,125,11.2,0.21,0.12,0.14,0.33,0.47,1.89,624,1206,51.74
137,Devon MacAusland,C,MON,20.315,51,14,9,7,23,30,140,10.0,0.27,0.18,0.14,0.45,0.59,2.75,174,374,46.52
138,Victor Provencher,LW,PEI,18.04,66,18,6,6,24,30,104,17.31,0.27,0.09,0.09,0.36,0.45,1.58,19,49,38.78
139,Vladislav Shalimov,LW,VDO,17.977,60,10,12,8,22,30,97,10.31,0.17,0.2,0.13,0.37,0.5,1.62,260,584,44.52
140,Brent Andrews,C,HAL,18.653,61,13,11,6,24,30,92,14.13,0.21,0.18,0.1,0.39,0.49,1.51,617,1078,57.24
141,Jeremy Gregoire,RW,CHI,16.028,61,15,10,5,25,30,102,14.71,0.25,0.16,0.08,0.41,0.49,1.67,180,350,51.43
142,Martin Frk,RW,HAL,17.944,34,16,8,5,24,29,85,18.82,0.47,0.24,0.15,0.71,0.85,2.5,1,6,16.67
143,Anthony Verret,C,ROU,18.604,63,10,8,11,18,29,87,11.49,0.16,0.13,0.17,0.29,0.46,1.38,487,1007,48.36
144,Jordan Murray,D,BAT,18.744,68,7,11,11,18,29,116,6.03,0.1,0.16,0.16,0.26,0.43,1.71,0,0,0.0
145,Matthew Hobbs,D,VIC/PEI,20.515,66,7,14,8,21,29,101,6.93,0.11,0.21,0.12,0.32,0.44,1.53,0,0,0.0
146,Jonathan Drouin,C,HAL,16.469,33,7,15,7,22,29,79,8.86,0.21,0.45,0.21,0.67,0.88,2.39,7,28,25.0
147,Andrew O'Brien,D,CHI,18.815,68,8,9,12,17,29,138,5.8,0.12,0.13,0.18,0.25,0.43,2.03,1,4,25.0
148,Pierre Durepos,D,SNB,19.557,63,3,11,15,14,29,98,3.06,0.05,0.17,0.24,0.22,0.46,1.56,2,3,66.67
149,Jerome Raymond,C,DRU,19.371,42,13,10,6,23,29,89,14.61,0.31,0.24,0.14,0.55,0.69,2.12,457,873,52.35
150,Alec Jon Banville,LW,BAT,17.424,60,9,12,7,21,28,102,8.82,0.15,0.2,0.12,0.35,0.47,1.7,0,10,0.0
151,Alex Noel,RW,PEI,19.19,66,10,13,5,23,28,118,8.47,0.15,0.2,0.08,0.35,0.42,1.79,482,959,50.26
152,Kyle Morrison,LW,GAT,19.053,35,15,5,8,20,28,73,20.55,0.43,0.14,0.23,0.57,0.8,2.09,111,206,53.88
153,Maxime Villemaire,C,SNB/DRU,18.919,49,16,6,6,22,28,123,13.01,0.33,0.12,0.12,0.45,0.57,2.51,42,94,44.68
154,James Melindy,D,MON,17.761,61,9,3,15,12,27,75,12.0,0.15,0.05,0.25,0.2,0.44,1.23,0,1,0.0
155,Carl-Antoine Delisle,LW,VIC,18.243,56,10,6,11,16,27,93,10.75,0.18,0.11,0.2,0.29,0.48,1.66,213,435,48.97
156,Yousseff Kabbaj,D,SHA/GAT,19.721,55,7,12,8,19,27,95,7.37,0.13,0.22,0.15,0.35,0.49,1.73,0,1,0.0
157,Steven Mercier,LW,ROU,18.618,67,10,9,8,19,27,61,16.39,0.15,0.13,0.12,0.28,0.4,0.91,313,681,45.96
158,Nikita Kolesnikovs,D,SHA/BLB,18.875,50,4,13,10,17,27,62,6.45,0.08,0.26,0.2,0.34,0.54,1.24,0,0,0.0
159,Samuel Henley,C,VDO,18.141,63,13,8,6,21,27,93,13.98,0.21,0.13,0.1,0.33,0.43,1.48,14,39,35.9
160,Jean-Christophe Laflamme,RW,BLB,17.829,60,11,10,6,21,27,81,13.58,0.18,0.17,0.1,0.35,0.45,1.35,19,42,45.24
161,Dany Potvin,LW,CAP,19.513,58,18,4,5,22,27,99,18.18,0.31,0.07,0.09,0.38,0.47,1.71,26,69,37.68
162,Alex MacDonald,D,RIM/GAT,20.225,53,7,12,7,19,26,78,8.97,0.13,0.23,0.13,0.36,0.49,1.47,0,0,0.0
163,Liam O'Brien,LW,RIM/ROU,17.131,67,10,9,7,19,26,91,10.99,0.15,0.13,0.1,0.28,0.39,1.36,21,38,55.26
164,Raphael Lafontaine,C,GAT,16.781,68,9,9,7,18,25,91,9.89,0.13,0.13,0.1,0.26,0.37,1.34,253,630,40.16
165,Nikolas Brouillard,D,DRU,16.603,61,2,7,16,9,25,67,2.99,0.03,0.11,0.26,0.15,0.41,1.1,2,3,66.67
166,Ryan Culkin,D,QUE,17.75,60,6,12,7,18,25,68,8.82,0.1,0.2,0.12,0.3,0.42,1.13,0,1,0.0
167,Maxim Lamarche,D,BAC,19.179,68,4,12,9,16,25,86,4.65,0.06,0.18,0.13,0.24,0.37,1.26,0,1,0.0
168,Jimmy Oligny,D,PEI,18.377,58,6,7,11,13,24,91,6.59,0.1,0.12,0.19,0.22,0.41,1.57,0,0,0.0
169,Marcus Power,RW,ROU,18.171,61,9,8,7,17,24,82,10.98,0.15,0.13,0.11,0.28,0.39,1.34,346,812,42.61
170,Troy Vance,D,VIC,18.119,57,4,10,10,14,24,84,4.76,0.07,0.18,0.18,0.25,0.42,1.47,0,0,0.0
171,Mathieu Lemay,RW,ROU,16.74,56,14,5,5,19,24,113,12.39,0.25,0.09,0.09,0.34,0.43,2.02,3,23,13.04
172,Oliver Cooper,LW,SNB,16.471,60,10,8,6,18,24,54,18.52,0.17,0.13,0.1,0.3,0.4,0.9,12,24,50.0
173,Tomas Pavelka,D,PEI,18.297,67,6,6,12,12,24,126,4.76,0.09,0.09,0.18,0.18,0.36,1.88,1,2,50.0
174,Michael Santini,RW,DRU,20.562,28,7,12,5,19,24,52,13.46,0.25,0.43,0.18,0.68,0.86,1.86,7,17,41.18
175,Angelo Miceli,C,VIC,17.542,50,9,6,9,15,24,63,14.29,0.18,0.12,0.18,0.3,0.48,1.26,167,366,45.63
176,Brad Cuzner,LW,HAL,19.231,62,12,10,2,22,24,88,13.64,0.19,0.16,0.03,0.35,0.39,1.42,323,622,51.93
177,Jonathan Oligny,D,DRU,19.59,63,5,10,9,15,24,118,4.24,0.08,0.16,0.14,0.24,0.38,1.87,0,0,0.0
178,Owen Werthner,D,QUE,19.42,61,8,5,10,13,23,51,15.69,0.13,0.08,0.16,0.21,0.38,0.84,0,0,0.0
179,Gabriel Vermette,D,CHI,19.655,66,5,9,9,14,23,59,8.47,0.08,0.14,0.14,0.21,0.35,0.89,1,3,33.33
180,Etienne Boutet,D,RIM,19.289,47,6,8,9,14,23,64,9.38,0.13,0.17,0.19,0.3,0.49,1.36,1,3,33.33
181,Olivier Picard,D,BLB,18.44,61,4,9,10,13,23,77,5.19,0.07,0.15,0.16,0.21,0.38,1.26,0,1,0.0
182,Jason Houde,LW,ROU,18.078,65,7,12,4,19,23,85,8.24,0.11,0.18,0.06,0.29,0.35,1.31,8,25,32.0
183,Andrew Ryan,LW,HAL,17.665,45,10,6,7,16,23,66,15.15,0.22,0.13,0.16,0.36,0.51,1.47,12,32,37.5
184,Jean-Francois Plante,RW,RIM,18.213,58,17,4,1,21,22,128,13.28,0.29,0.07,0.02,0.36,0.38,2.21,32,76,42.11
185,Louick Marcotte,LW,PEI,17.687,64,12,4,6,16,22,92,13.04,0.19,0.06,0.09,0.25,0.34,1.44,9,20,45.0
186,Alexis Bernier,D,ROU,19.497,68,6,10,5,16,21,81,7.41,0.09,0.15,0.07,0.24,0.31,1.19,0,0,0.0
187,Yan Pavel Laplante,LW,PEI,16.397,57,6,13,2,19,21,76,7.89,0.11,0.23,0.04,0.33,0.37,1.33,17,33,51.52
188,Felix Girard,C,BAC,17.353,60,6,12,3,18,21,79,7.59,0.1,0.2,0.05,0.3,0.35,1.32,742,1274,58.24
189,Gabriel Beaupre,D,VDO,18.809,62,6,9,6,15,21,77,7.79,0.1,0.15,0.1,0.24,0.34,1.24,0,0,0.0
190,Sean Girard,D,BAT,18.434,63,3,5,12,8,20,93,3.23,0.05,0.08,0.19,0.13,0.32,1.48,0,0,0.0
191,Frederick Gaudreau,C,SHA,18.374,64,5,9,6,14,20,66,7.58,0.08,0.14,0.09,0.22,0.31,1.03,205,390,52.56
192,Trey Lewis,D,HAL,18.292,66,5,10,5,15,20,88,5.68,0.08,0.15,0.08,0.23,0.3,1.33,0,3,0.0
193,Raman Hrabarenka,D,CAP/DRU,19.059,57,4,7,9,11,20,87,4.6,0.07,0.12,0.16,0.19,0.35,1.53,1,4,25.0
194,Artem Sergeev,D,VDO,18.404,46,7,6,7,13,20,100,7.0,0.15,0.13,0.15,0.28,0.43,2.17,0,0,0.0
195,Frederic Tanguay,LW,VIC/ROU,19.111,60,11,5,3,16,19,91,12.09,0.18,0.08,0.05,0.27,0.32,1.52,5,11,45.45
196,Thierry Comtois,LW,VDO,18.503,64,5,7,7,12,19,66,7.58,0.08,0.11,0.11,0.19,0.3,1.03,307,571,53.77
197,Pier-Luc Pelletier,D,VIC/RIM,20.181,57,6,6,7,12,19,72,8.33,0.11,0.11,0.12,0.21,0.33,1.26,0,0,0.0
198,Kyle Campbell,RW,CAP,17.788,57,5,7,7,12,19,75,6.67,0.09,0.12,0.12,0.21,0.33,1.32,29,73,39.73
199,Robbie DeFulviis,C,RIM/ROU,19.609,47,9,6,4,15,19,71,12.68,0.19,0.13,0.09,0.32,0.4,1.51,110,229,48.03
200,Jean-Francois Leblanc,C,BAC/VDO,18.536,64,7,3,9,10,19,63,11.11,0.11,0.05,0.14,0.16,0.3,0.98,410,732,56.01
201,Jeremi Janneteau,C,ROU,19.28,35,10,5,4,15,19,72,13.89,0.29,0.14,0.11,0.43,0.54,2.06,265,549,48.27
202,Jerome Verrier,RW,DRU,17.35,65,10,8,1,18,19,104,9.62,0.15,0.12,0.02,0.28,0.29,1.6,111,239,46.44
203,Cole Hawes,LW,BLB,18.558,39,10,7,2,17,19,56,17.86,0.26,0.18,0.05,0.44,0.49,1.44,21,43,48.84
204,Taylor Burke,RW,GAT,17.232,42,6,8,5,14,19,60,10.0,0.14,0.19,0.12,0.33,0.45,1.43,427,824,51.82
205,Dale Deon,D,RIM/SHA,18.782,51,9,5,5,14,19,67,13.43,0.18,0.1,0.1,0.27,0.37,1.31,0,1,0.0
206,Jean-Philippe Caron,RW,BAC,19.368,68,10,4,5,14,19,151,6.62,0.15,0.06,0.07,0.21,0.28,2.22,268,548,48.91
207,Stanislav Galiev,RW,SNB,19.661,20,13,3,3,16,19,64,20.31,0.65,0.15,0.15,0.8,0.95,3.2,4,8,50.0
208,Julien Leduc,D,VDO,17.213,66,6,4,8,10,18,74,8.11,0.09,0.06,0.12,0.15,0.27,1.12,0,0,0.0
209,Petr Sidlik,D,VIC,17.657,64,2,9,7,11,18,70,2.86,0.03,0.14,0.11,0.17,0.28,1.09,0,0,0.0
210,Casey Babineau,D,RIM,19.469,63,3,7,8,10,18,75,4.0,0.05,0.11,0.13,0.16,0.29,1.19,0,0,0.0
211,Vincent Richer,D,BLB,18.935,55,2,5,11,7,18,61,3.28,0.04,0.09,0.2,0.13,0.33,1.11,0,3,0.0
212,Patrick Downe,D,MON,19.335,59,3,8,7,11,18,66,4.55,0.05,0.14,0.12,0.19,0.31,1.12,0,0,0.0
213,Justin Hache,D,SHA,17.679,60,2,6,10,8,18,59,3.39,0.03,0.1,0.17,0.13,0.3,0.98,0,0,0.0
214,Maxime St-Cyr,C,ROU,17.583,58,6,6,6,12,18,89,6.74,0.1,0.1,0.1,0.21,0.31,1.53,241,511,47.16
215,Yoan Pinette,RW,CHI,19.573,62,10,5,3,15,18,117,8.55,0.16,0.08,0.05,0.24,0.29,1.89,59,157,37.58
216,Samuel Aquin,LW,BLB,17.942,30,8,7,3,15,18,42,19.05,0.27,0.23,0.1,0.5,0.6,1.4,52,100,52.0
217,Ludovic Kabambi,LW,BAT,17.98,61,7,7,4,14,18,101,6.93,0.11,0.11,0.07,0.23,0.3,1.66,0,4,0.0
218,Guillaume Gauthier,LW,RIM/DRU,16.009,56,9,4,5,13,18,74,12.16,0.16,0.07,0.09,0.23,0.32,1.32,216,515,41.94
219,Alexandre Roy,LW,CHI,18.114,44,4,5,8,9,17,65,6.15,0.09,0.11,0.18,0.2,0.39,1.48,9,31,29.03
220,Danick Emond,D,VIC/MON,18.401,45,4,5,8,9,17,43,9.3,0.09,0.11,0.18,0.2,0.38,0.96,0,0,0.0
221,Samuel Noreau,D,BAC,18.621,58,5,9,3,14,17,86,5.81,0.09,0.16,0.05,0.24,0.29,1.48,0,0,0.0
222,Raphael Corriveau,RW,QUE/CAP,17.345,54,10,2,5,12,17,53,18.87,0.19,0.04,0.09,0.22,0.31,0.98,1,8,12.5
223,Grant West,RW,SNB/MON,19.644,52,6,6,5,12,17,50,12.0,0.12,0.12,0.1,0.23,0.33,0.96,1,8,12.5
224,William Cochrane,LW,BAT/CAP,17.988,61,8,5,3,13,16,117,6.84,0.13,0.08,0.05,0.21,0.26,1.92,97,230,42.17
225,Stephen Anderson,RW,SNB,16.729,26,6,2,8,8,16,49,12.24,0.23,0.08,0.31,0.31,0.62,1.88,25,41,60.98
226,Gabriel Verpaelst,D,BAC,17.996,66,4,3,9,7,16,58,6.9,0.06,0.05,0.14,0.11,0.24,0.88,0,2,0.0
227,Matt Murphy,D,VDO,16.375,61,3,6,7,9,16,51,5.88,0.05,0.1,0.11,0.15,0.26,0.84,0,0,0.0
228,Travis Randell,RW,HAL,20.636,68,6,6,4,12,16,90,6.67,0.09,0.09,0.06,0.18,0.24,1.32,205,343,59.77
229,Joshua Desmond,D,HAL,18.355,52,5,5,6,10,16,68,7.35,0.1,0.1,0.12,0.19,0.31,1.31,0,0,0.0
230,Jonathan Lavoie,RW,RIM,18.281,61,7,4,5,11,16,54,12.96,0.11,0.07,0.08,0.18,0.26,0.89,161,402,40.05
231,Anthony Cortese,D,GAT,17.673,42,3,8,5,11,16,49,6.12,0.07,0.19,0.12,0.26,0.38,1.17,4,5,80.0
232,Brent Turnbull,RW,BAT,17.191,58,7,3,5,10,15,63,11.11,0.12,0.05,0.09,0.17,0.26,1.09,3,9,33.33
233,Christophe Lalonde,RW,MON,17.673,65,4,6,5,10,15,121,3.31,0.06,0.09,0.08,0.15,0.23,1.86,3,12,25.0
234,Samuel Courtemanche,LW,GAT,17.115,64,4,7,4,11,15,66,6.06,0.06,0.11,0.06,0.17,0.23,1.03,52,99,52.53
235,Matthew Bursey,RW,SHA/PEI,17.618,42,7,5,3,12,15,86,8.14,0.17,0.12,0.07,0.29,0.36,2.05,2,6,33.33
236,Samuel Hodhod,LW,BLB,17.583,21,8,4,3,12,15,42,19.05,0.38,0.19,0.14,0.57,0.71,2.0,11,37,29.73
237,Etienne Salvail,LW,BAT,17.668,41,9,4,2,13,15,37,24.32,0.22,0.1,0.05,0.32,0.37,0.9,3,8,37.5
238,Vincent Barnard,D,QUE,20.559,29,3,6,6,9,15,74,4.05,0.1,0.21,0.21,0.31,0.52,2.55,0,0,0.0
239,Mathieu Lavallee,RW,QUE,19.127,67,6,4,5,10,15,71,8.45,0.09,0.06,0.07,0.15,0.22,1.06,2,11,18.18
240,Vincent Arseneau,LW,SHA,19.472,57,4,5,6,9,15,99,4.04,0.07,0.09,0.11,0.16,0.26,1.74,3,7,42.86
241,Robert Pelletier,RW,GAT,17.356,26,7,4,4,11,15,38,18.42,0.27,0.15,0.15,0.42,0.58,1.46,13,37,35.14
242,Alexandre Beauregard,LW,SNB/CHI,20.277,34,6,6,3,12,15,64,9.38,0.18,0.18,0.09,0.35,0.44,1.88,42,99,42.42
243,Adam Stevens,C,BAT,17.093,62,8,2,4,10,14,77,10.39,0.13,0.03,0.06,0.16,0.23,1.24,256,546,46.89
244,Kurt Etchegary,C,QUE,16.841,61,5,4,5,9,14,65,7.69,0.08,0.07,0.08,0.15,0.23,1.07,260,532,48.87
245,Dillon Donnelly,D,SHA,18.021,59,1,10,3,11,14,40,2.5,0.02,0.17,0.05,0.19,0.24,0.68,0,0,0.0
246,Alexandre Lemieux,C,BLB,18.746,21,7,5,2,12,14,49,14.29,0.33,0.24,0.1,0.57,0.67,2.33,39,68,57.35
247,Ryan Penny,C,MON,17.016,58,11,1,2,12,14,93,11.83,0.19,0.02,0.03,0.21,0.24,1.6,328,730,44.93
248,Alexandre Cote,C,HAL,18.982,43,8,3,3,11,14,36,22.22,0.19,0.07,0.07,0.26,0.33,0.84,53,87,60.92
249,Marc-Olivier Mimar,RW,BAT,19.85,21,5,6,3,11,14,44,11.36,0.24,0.29,0.14,0.52,0.67,2.1,7,13,53.85
250,Olivier Caouette,LW,DRU,17.692,60,5,4,4,9,13,70,7.14,0.08,0.07,0.07,0.15,0.22,1.17,34,63,53.97
251,Olivier Houle,D,BAT,18.689,55,4,5,4,9,13,57,7.02,0.07,0.09,0.07,0.16,0.24,1.04,0,0,0.0
252,Philippe Archambault,D,QUE,18.453,61,0,9,4,9,13,23,0.0,0.0,0.15,0.07,0.15,0.21,0.38,0,0,0.0
253,Olivier Hinse,LW,QUE/BLB,20.54,32,4,4,5,8,13,36,11.11,0.12,0.12,0.16,0.25,0.41,1.12,87,167,52.1
254,Mikael Langlois,D,BAC/CAP,18.478,41,2,5,6,7,13,43,4.65,0.05,0.12,0.15,0.17,0.32,1.05,1,4,25.0
255,Ryan MacKinnon,D,RIM,17.027,56,1,5,7,6,13,31,3.23,0.02,0.09,0.12,0.11,0.23,0.55,0,0,0.0
256,Jonathan Racine,D,SHA,18.3,61,3,7,3,10,13,62,4.84,0.05,0.11,0.05,0.16,0.21,1.02,0,0,0.0
257,Vincent Dunn,LW,VDO,16.003,56,5,6,2,11,13,45,11.11,0.09,0.11,0.04,0.2,0.23,0.8,86,193,44.56
258,Axel Rioux,RW,QUE,18.588,44,2,9,2,11,13,55,3.64,0.05,0.2,0.05,0.25,0.3,1.25,8,24,33.33
259,Scott Trask,LW,MON,18.779,60,6,5,2,11,13,70,8.57,0.1,0.08,0.03,0.18,0.22,1.17,15,35,42.86
260,Peter Angelopoulos,LW,ROU,17.38,37,7,3,3,10,13,51,13.73,0.19,0.08,0.08,0.27,0.35,1.38,4,11,36.36
261,Pierre-Maxime Poudrier,C,CHI,17.342,54,4,2,6,6,12,37,10.81,0.07,0.04,0.11,0.11,0.22,0.69,109,240,45.42
262,Alexis Loiseau,C,RIM,17.676,56,3,3,6,6,12,55,5.45,0.05,0.05,0.11,0.11,0.21,0.98,247,532,46.43
263,Francis Lambert-Lemay,D,DRU,18.141,67,0,6,6,6,12,41,0.0,0.0,0.09,0.09,0.09,0.18,0.61,0,0,0.0
264,Stephen Woodworth,D,CAP,18.648,67,1,7,4,8,12,63,1.59,0.01,0.1,0.06,0.12,0.18,0.94,0,0,0.0
265,Dominic Poulin,D,CHI,17.621,54,8,2,2,10,12,95,8.42,0.15,0.04,0.04,0.19,0.22,1.76,0,1,0.0
266,Simon Darveau,RW,VIC,19.152,51,6,4,2,10,12,79,7.59,0.12,0.08,0.04,0.2,0.24,1.55,16,32,50.0
267,Charles-David Beaudoin,D,DRU,17.679,68,5,4,3,9,12,65,7.69,0.07,0.06,0.04,0.13,0.18,0.96,2,4,50.0
268,Pier-Antoine Dion,LW,PEI,20.392,31,8,4,0,12,12,58,13.79,0.26,0.13,0.0,0.39,0.39,1.87,39,87,44.83
269,Erik Robichaud,C,MON,18.421,57,8,4,0,12,12,64,12.5,0.14,0.07,0.0,0.21,0.21,1.12,317,633,50.08
270,Nicolas Dionne,C,VDO,18.64,52,6,4,2,10,12,58,10.34,0.12,0.08,0.04,0.19,0.23,1.12,105,215,48.84
271,Jason Cameron,C,SNB,18.53,62,4,5,3,9,12,85,4.71,0.06,0.08,0.05,0.15,0.19,1.37,400,790,50.63
272,Ryan Falkenham,RW,HAL,15.935,53,7,4,1,11,12,39,17.95,0.13,0.08,0.02,0.21,0.23,0.74,0,6,0.0
273,Daniel Milan,D,VIC/MON,19.42,62,2,4,5,6,11,56,3.57,0.03,0.06,0.08,0.1,0.18,0.9,0,0,0.0
274,Jacob Conrad,LW,GAT,19.269,47,6,0,5,6,11,40,15.0,0.13,0.0,0.11,0.13,0.23,0.85,0,0,0.0
275,Alex Zafiris,C,GAT,19.02,54,4,4,3,8,11,41,9.76,0.07,0.07,0.06,0.15,0.2,0.76,137,374,36.63
276,Jeremy Beaudry,D,VIC,17.755,35,5,2,4,7,11,30,16.67,0.14,0.06,0.11,0.2,0.31,0.86,0,0,0.0
277,Felix Plouffe,C,BLB,18.046,45,2,3,6,5,11,34,5.88,0.04,0.07,0.13,0.11,0.24,0.76,200,387,51.68
278,Matthew Boudens,C,DRU,18.004,40,6,0,4,6,10,54,11.11,0.15,0.0,0.1,0.15,0.25,1.35,103,225,45.78
279,Loic Leduc,D,CAP,17.254,65,2,4,4,6,10,38,5.26,0.03,0.06,0.06,0.09,0.15,0.58,0,1,0.0
280,Simon Tremblay,LW,CHI,16.991,38,6,3,1,9,10,44,13.64,0.16,0.08,0.03,0.24,0.26,1.16,10,28,35.71
281,Napessis Andre,D,CHI/DRU,18.807,54,3,3,4,6,10,33,9.09,0.06,0.06,0.07,0.11,0.19,0.61,0,0,0.0
282,Jason Seed,D,SNB,19.634,64,0,3,7,3,10,57,0.0,0.0,0.05,0.11,0.05,0.16,0.89,4,7,57.14
283,E.J. Faust,C,BLB,18.574,57,2,3,5,5,10,46,4.35,0.04,0.05,0.09,0.09,0.18,0.81,6,31,19.35
284,Spencer MacDonald,D,SNB,19.45,63,3,3,4,6,10,49,6.12,0.05,0.05,0.06,0.1,0.16,0.78,0,4,0.0
285,Sebastien Sylvestre,C,CHI,17.939,32,3,6,1,9,10,36,8.33,0.09,0.19,0.03,0.28,0.31,1.12,40,78,51.28
286,Francis Turbide,D,BAC,18.653,65,4,4,2,8,10,58,6.9,0.06,0.06,0.03,0.12,0.15,0.89,26,53,49.06
287,Alexandre Leclerc,D,ROU,17.558,66,1,8,1,9,10,40,2.5,0.02,0.12,0.02,0.14,0.15,0.61,0,0,0.0
288,Felix-Antoine Bergeron,LW,SHA,17.698,37,2,7,1,9,10,54,3.7,0.05,0.19,0.03,0.24,0.27,1.46,13,30,43.33
289,Brandon Shea,C,MON,16.211,45,3,5,2,8,10,64,4.69,0.07,0.11,0.04,0.18,0.22,1.42,217,452,48.01
290,Francois Godin,D,VIC/BAT,18.596,37,2,6,2,8,10,31,6.45,0.05,0.16,0.05,0.22,0.27,0.84,0,0,0.0
291,Alexandre Tanguay,LW,RIM,18.333,40,7,1,2,8,10,39,17.95,0.17,0.03,0.05,0.2,0.25,0.97,10,32,31.25
292,Guillaume Cloutier,D,CHI,18.571,63,4,4,2,8,10,49,8.16,0.06,0.06,0.03,0.13,0.16,0.78,0,0,0.0
293,Marc-Alain Begin,C,ROU,20.165,13,3,4,2,7,9,17,17.65,0.23,0.31,0.15,0.54,0.69,1.31,4,12,33.33
294,Ryan Graves,D,PEI,16.321,62,2,2,5,4,9,35,5.71,0.03,0.03,0.08,0.06,0.15,0.56,0,0,0.0
295,Wes Herrett,D,PEI/GAT,19.127,66,2,4,3,6,9,35,5.71,0.03,0.06,0.05,0.09,0.14,0.53,0,3,0.0
296,Olivier Jodoin,LW,CAP/PEI,18.399,46,5,3,1,8,9,51,9.8,0.11,0.07,0.02,0.17,0.2,1.11,72,144,50.0
297,Nick Sorensen,RW,QUE,16.896,8,5,3,1,8,9,22,22.73,0.62,0.38,0.12,1.0,1.12,2.75,0,1,0.0
298,Vincent Marcoux,C,VIC,18.916,43,1,6,2,7,9,44,2.27,0.02,0.14,0.05,0.16,0.21,1.02,204,418,48.8
299,Thomas Gobeil,RW,BAC,16.824,51,5,2,2,7,9,51,9.8,0.1,0.04,0.04,0.14,0.18,1.0,3,7,42.86
300,Ian Saab,D,SNB,19.601,52,2,5,2,7,9,64,3.12,0.04,0.1,0.04,0.13,0.17,1.23,0,0,0.0
301,Jonathan Diaby,D,VIC,16.83,51,1,3,5,4,9,40,2.5,0.02,0.06,0.1,0.08,0.18,0.78,0,0,0.0
302,Mickael Beauregard,D,GAT/CHI,16.939,47,1,1,6,2,8,23,4.35,0.02,0.02,0.13,0.04,0.17,0.49,0,0,0.0
303,Connor Rogers,D,CAP,17.035,44,1,2,5,3,8,24,4.17,0.02,0.05,0.11,0.07,0.18,0.55,0,0,0.0
304,Adrian Saxrud-Danielsen,D,DRU,18.965,27,1,2,5,3,8,24,4.17,0.04,0.07,0.19,0.11,0.3,0.89,0,0,0.0
305,Samuel Finn,D,VIC,20.622,62,1,2,5,3,8,45,2.22,0.02,0.03,0.08,0.05,0.13,0.73,2,2,100.0
306,Jeremie Fraser,D,BAT,17.03,52,2,1,5,3,8,35,5.71,0.04,0.02,0.1,0.06,0.15,0.67,0,1,0.0
307,Michael Abbott,D,PEI,17.052,46,1,2,5,3,8,27,3.7,0.02,0.04,0.11,0.07,0.17,0.59,0,0,0.0
308,Jonathan Delorme,D,ROU,18.073,29,2,2,4,4,8,16,12.5,0.07,0.07,0.14,0.14,0.28,0.55,0,0,0.0
309,Julien Lepage,D,BAC,17.651,57,1,6,1,7,8,30,3.33,0.02,0.11,0.02,0.12,0.14,0.53,0,0,0.0
310,Gabriel Fortin,RW,RIM,17.416,42,1,5,2,6,8,36,2.78,0.02,0.12,0.05,0.14,0.19,0.86,11,31,35.48
311,Mitchell Maynard,RW,SHA,19.379,33,2,4,2,6,8,30,6.67,0.06,0.12,0.06,0.18,0.24,0.91,10,15,66.67
312,Samuel Morin,D,RIM,16.178,62,0,5,3,5,8,30,0.0,0.0,0.08,0.05,0.08,0.13,0.48,0,0,0.0
313,Felipe Corbo,RW,PEI,18.656,32,4,1,3,5,8,55,7.27,0.12,0.03,0.09,0.16,0.25,1.72,6,17,35.29
314,Alexandre Grand-Maison,LW,SHA,17.276,45,4,2,2,6,8,39,10.26,0.09,0.04,0.04,0.13,0.18,0.87,3,4,75.0
315,Mitchell Shewfelt,D,HAL,17.205,56,2,3,2,5,7,33,6.06,0.04,0.05,0.04,0.09,0.12,0.59,0,0,0.0
316,Ross Johnston,LW,MON,17.572,38,2,2,3,4,7,42,4.76,0.05,0.05,0.08,0.11,0.18,1.11,1,3,33.33
317,Jean-Francois Grenier C.,D,ROU,18.418,23,2,1,4,3,7,22,9.09,0.09,0.04,0.17,0.13,0.3,0.96,0,0,0.0
318,Lucas Venuto,C,DRU,17.43,44,2,3,2,5,7,27,7.41,0.05,0.07,0.05,0.11,0.16,0.61,114,220,51.82
319,Myles McGurty,D,MON,17.545,49,2,4,1,6,7,27,7.41,0.04,0.08,0.02,0.12,0.14,0.55,2,4,50.0
320,Matthew Andreacchi,LW,DRU,19.42,21,3,3,1,6,7,39,7.69,0.14,0.14,0.05,0.29,0.33,1.86,0,6,0.0
321,Brendan Duke,D,QUE/HAL,18.347,38,0,3,4,3,7,45,0.0,0.0,0.08,0.11,0.08,0.18,1.18,0,0,0.0
322,Mark Tremaine,LW,MON,17.21,51,0,4,3,4,7,43,0.0,0.0,0.08,0.06,0.08,0.14,0.84,30,82,36.59
323,Marc-Antoine Carrier,D,QUE,19.431,16,2,2,3,4,7,23,8.7,0.12,0.12,0.19,0.25,0.44,1.44,0,0,0.0
324,Mathieu Gagnon,D,SHA,18.878,42,2,3,2,5,7,30,6.67,0.05,0.07,0.05,0.12,0.17,0.71,0,0,0.0
325,Jean-Simon Deslauriers,D,CAP,16.46,45,1,3,2,4,6,19,5.26,0.02,0.07,0.04,0.09,0.13,0.42,6,13,46.15
326,Antoine Venne,RW,PEI,16.74,29,1,4,1,5,6,22,4.55,0.03,0.14,0.03,0.17,0.21,0.76,4,10,40.0
327,Deverick Ottereyes,C,PEI,16.915,41,2,4,0,6,6,13,15.38,0.05,0.1,0.0,0.15,0.15,0.32,63,160,39.38
328,Olivier Daoust,LW,MON/GAT,18.807,33,4,2,0,6,6,50,8.0,0.12,0.06,0.0,0.18,0.18,1.52,6,11,54.55
329,Alexandre Ranger,RW,BAC,16.077,46,3,1,2,4,6,47,6.38,0.07,0.02,0.04,0.09,0.13,1.02,2,3,66.67
330,Patrick Walsh,LW,QUE,17.405,55,5,0,1,5,6,34,14.71,0.09,0.0,0.02,0.09,0.11,0.62,77,187,41.18
331,Samuel Robert,D,BAT,17.312,53,0,2,4,2,6,19,0.0,0.0,0.04,0.08,0.04,0.11,0.36,0,0,0.0
332,Cole MacMillan,C,CHI,20.255,21,2,2,2,4,6,34,5.88,0.1,0.1,0.1,0.19,0.29,1.62,2,6,33.33
333,Aaron Hoyles,D,BLB,16.822,51,1,3,2,4,6,26,3.85,0.02,0.06,0.04,0.08,0.12,0.51,0,0,0.0
334,Guillaume Rousseau,D,BAT/VIC/GAT,20.586,37,1,3,2,4,6,15,6.67,0.03,0.08,0.05,0.11,0.16,0.41,0,1,0.0
335,Olivier Dallaire,D,VDO,19.888,52,0,3,3,3,6,34,0.0,0.0,0.06,0.06,0.06,0.12,0.65,0,0,0.0
336,Jonathan Rizzo,D,DRU,18.281,30,0,2,3,2,5,22,0.0,0.0,0.07,0.1,0.07,0.17,0.73,0,0,0.0
337,Tommy Veilleux,LW,VIC,16.359,38,1,2,2,3,5,13,7.69,0.03,0.05,0.05,0.08,0.13,0.34,0,0,0.0
338,Justin Guenette,D,ROU,16.318,37,0,1,4,1,5,25,0.0,0.0,0.03,0.11,0.03,0.14,0.68,0,0,0.0
339,Matt Provost,D,BLB,19.406,49,1,2,2,3,5,46,2.17,0.02,0.04,0.04,0.06,0.1,0.94,2,9,22.22
340,Steve Gillard,D,HAL,19.62,12,0,3,2,3,5,12,0.0,0.0,0.25,0.17,0.25,0.42,1.0,0,0,0.0
341,Robert Davis,LW,BAT,18.456,42,2,1,2,3,5,16,12.5,0.05,0.02,0.05,0.07,0.12,0.38,1,1,100.0
342,Tyler Gaudet,C,GAT,18.448,38,3,2,0,5,5,14,21.43,0.08,0.05,0.0,0.13,0.13,0.37,100,176,56.82
343,Philippe Hudon,RW,VIC,18.418,34,3,2,0,5,5,65,4.62,0.09,0.06,0.0,0.15,0.15,1.91,4,11,36.36
344,Samuel Roussy,D,MON,17.703,59,0,4,1,4,5,53,0.0,0.0,0.07,0.02,0.07,0.08,0.9,1,1,100.0
345,Bronson Beaton,C,CAP/SHA,16.605,52,0,4,1,4,5,33,0.0,0.0,0.08,0.02,0.08,0.1,0.63,135,289,46.71
346,Taylor Carnevale,C,SHA,20.504,10,2,2,1,4,5,19,10.53,0.2,0.2,0.1,0.4,0.5,1.9,41,67,61.19
347,David Weckworth,D,GAT,18.286,50,0,1,4,1,5,36,0.0,0.0,0.02,0.08,0.02,0.1,0.72,0,1,0.0
348,Charlie Connell,D,DRU,18.286,48,0,1,4,1,5,47,0.0,0.0,0.02,0.08,0.02,0.1,0.98,0,0,0.0
349,Nicolas Krammer,LW,BAT,18.93,24,1,1,2,2,4,35,2.86,0.04,0.04,0.08,0.08,0.17,1.46,2,11,18.18
350,Austyn Hardie,D,HAL,17.572,58,0,1,3,1,4,28,0.0,0.0,0.02,0.05,0.02,0.07,0.48,0,0,0.0
351,Alex Filiatrault,D,VDO,18.656,21,1,0,3,1,4,8,12.5,0.05,0.0,0.14,0.05,0.19,0.38,0,0,0.0
352,Mitchell Deruelle,C,MON,18.234,9,4,0,0,4,4,14,28.57,0.44,0.0,0.0,0.44,0.44,1.56,18,42,42.86
353,Cole Murphy,C,CAP,16.641,34,1,1,2,2,4,24,4.17,0.03,0.03,0.06,0.06,0.12,0.71,8,10,80.0
354,Dane Phaneuf,D,PEI,17.627,39,0,2,2,2,4,14,0.0,0.0,0.05,0.05,0.05,0.1,0.36,0,0,0.0
355,Robbie Graham,RW,BAC,17.361,20,3,0,1,3,4,13,23.08,0.15,0.0,0.05,0.15,0.2,0.65,0,0,0.0
356,Tyrone Sock,D,SNB/PEI,18.653,11,0,2,2,2,4,1,0.0,0.0,0.18,0.18,0.18,0.36,0.09,0,0,0.0
357,Maxime Levesque,RW,CHI,18.883,34,1,2,1,3,4,25,4.0,0.03,0.06,0.03,0.09,0.12,0.74,27,62,43.55
358,Ilya Nikolaev,RW,BLB,17.651,30,3,1,0,4,4,32,9.38,0.1,0.03,0.0,0.13,0.13,1.07,2,8,25.0
359,Simon Tardif-Richard,C,DRU,18.273,10,2,2,0,4,4,12,16.67,0.2,0.2,0.0,0.4,0.4,1.2,0,0,0.0
360,Zachary Evans-Renaud,D,GAT,19.56,14,2,2,0,4,4,23,8.7,0.14,0.14,0.0,0.29,0.29,1.64,0,0,0.0
361,Redgie Bois,D,ROU,17.033,37,1,2,1,3,4,21,4.76,0.03,0.05,0.03,0.08,0.11,0.57,0,1,0.0
362,Brayden Wood,D,MON,17.216,25,0,3,1,3,4,14,0.0,0.0,0.12,0.04,0.12,0.16,0.56,5,13,38.46
363,Maxime Fortier,D,RIM/QUE,17.263,43,0,2,2,2,4,22,0.0,0.0,0.05,0.05,0.05,0.09,0.51,0,1,0.0
364,Danny Chiasson,RW,SNB,18.976,6,1,0,2,1,3,11,9.09,0.17,0.0,0.33,0.17,0.5,1.83,5,9,55.56
365,Benjamin Laliberte,RW,VIC,18.119,19,1,0,2,1,3,15,6.67,0.05,0.0,0.11,0.05,0.16,0.79,0,5,0.0
366,Mario Kurali,D,BAT,19.661,24,1,0,2,1,3,23,4.35,0.04,0.0,0.08,0.04,0.12,0.96,0,0,0.0
367,Simon Desmarais,D,QUE/CAP/ROU,17.484,50,0,1,2,1,3,11,0.0,0.0,0.02,0.04,0.02,0.06,0.22,0,2,0.0
368,Alexandre Chenevert,D,BAC,18.588,44,0,1,2,1,3,21,0.0,0.0,0.02,0.05,0.02,0.07,0.48,0,0,0.0
369,Devon Oliver-Dares,RW,SNB,17.353,18,1,0,2,1,3,11,9.09,0.06,0.0,0.11,0.06,0.17,0.61,5,13,38.46
370,Sebastien Gauthier,D,BLB,17.564,13,0,0,3,0,3,6,0.0,0.0,0.0,0.23,0.0,0.23,0.46,0,0,0.0
371,JC Campagna,C,CAP,18.262,5,1,0,2,1,3,10,10.0,0.2,0.0,0.4,0.2,0.6,2.0,1,2,50.0
372,Maxime Provencher,LW,VIC/GAT,18.136,16,0,2,1,2,3,10,0.0,0.0,0.12,0.06,0.12,0.19,0.62,3,4,75.0
373,Felix Bergeron,RW,GAT,19.584,6,3,0,0,3,3,7,42.86,0.5,0.0,0.0,0.5,0.5,1.17,0,1,0.0
374,Dylan McGuigan,C,SNB,19.664,11,1,2,0,3,3,11,9.09,0.09,0.18,0.0,0.27,0.27,1.0,43,85,50.59
375,Vincent Montreuil,RW,QUE,18.358,8,1,1,1,2,3,6,16.67,0.12,0.12,0.12,0.25,0.38,0.75,0,2,0.0
376,Rudy Sulmonte,RW,MON,19.576,12,2,0,1,2,3,22,9.09,0.17,0.0,0.08,0.17,0.25,1.83,1,1,100.0
377,Brock Morrison,C,SNB,18.694,13,2,0,1,2,3,12,16.67,0.15,0.0,0.08,0.15,0.23,0.92,53,103,51.46
378,Nick Egan,D,BAT,18.596,13,0,3,0,3,3,12,0.0,0.0,0.23,0.0,0.23,0.23,0.92,0,0,0.0
379,Daniel Elser,LW,MON,18.495,11,0,1,1,1,2,9,0.0,0.0,0.09,0.09,0.09,0.18,0.82,3,6,50.0
380,Zachary Whitlock,RW,GAT,16.696,7,0,1,1,1,2,2,0.0,0.0,0.14,0.14,0.14,0.29,0.29,1,1,100.0
381,Hubert Lamarre,C,QUE,16.373,7,0,1,1,1,2,3,0.0,0.0,0.14,0.14,0.14,0.29,0.43,25,35,71.43
382,Elliot Bisson,D,CHI,17.276,29,0,1,1,1,2,8,0.0,0.0,0.03,0.03,0.03,0.07,0.28,0,0,0.0
383,Philippe Venne,C,DRU,16.542,29,1,0,1,1,2,13,7.69,0.03,0.0,0.03,0.03,0.07,0.45,12,25,48.0
384,Bruno Leblanc,D,GAT,17.213,10,1,1,0,2,2,3,33.33,0.1,0.1,0.0,0.2,0.2,0.3,1,1,100.0
385,Sawyer Hannay,D,HAL,19.023,47,0,1,1,1,2,46,0.0,0.0,0.02,0.02,0.02,0.04,0.98,2,6,33.33
386,Elie Berube,D,BLB,16.31,9,0,1,1,1,2,6,0.0,0.0,0.11,0.11,0.11,0.22,0.67,0,0,0.0
387,Anthony Gingras,D,QUE,15.981,20,1,1,0,2,2,6,16.67,0.05,0.05,0.0,0.1,0.1,0.3,0,0,0.0
388,Shawn Boudreau,RW,MON,17.498,13,0,0,2,0,2,9,0.0,0.0,0.0,0.15,0.0,0.15,0.69,0,0,0.0
389,Toliver Bergeron,C,BLB,17.681,15,0,0,2,0,2,13,0.0,0.0,0.0,0.13,0.0,0.13,0.87,7,26,26.92
390,Richard Castonguay,D,VDO/BLB/GAT,18.341,26,1,0,1,1,2,12,8.33,0.04,0.0,0.04,0.04,0.08,0.46,0,0,0.0
391,Joe Dube,RW,QUE,19.384,6,1,0,1,1,2,6,16.67,0.17,0.0,0.17,0.17,0.33,1.0,0,2,0.0
392,Michael Lyle,LW,BAT,16.118,23,1,0,1,1,2,23,4.35,0.04,0.0,0.04,0.04,0.09,1.0,12,30,40.0
393,Blake Millman,LW,CAP,18.566,47,2,0,0,2,2,17,11.76,0.04,0.0,0.0,0.04,0.04,0.36,2,6,33.33
394,Dylan C. Capstick,D,PEI,18.725,10,1,0,1,1,2,10,10.0,0.1,0.0,0.1,0.1,0.2,1.0,0,0,0.0
395,Jordan McInnis,RW,CAP,18.221,2,0,1,1,1,2,0,0.0,0.0,0.5,0.5,0.5,1.0,0.0,0,0,0.0
396,Brett Malone,RW,MON,17.156,33,0,1,1,1,2,37,0.0,0.0,0.03,0.03,0.03,0.06,1.12,2,2,100.0
397,Mackenzie Brown,RW,SNB,16.252,13,1,0,1,1,2,15,6.67,0.08,0.0,0.08,0.08,0.15,1.15,3,9,33.33
398,Colin Campbell,LW,SNB,18.596,6,0,1,1,1,2,15,0.0,0.0,0.17,0.17,0.17,0.33,2.5,0,0,0.0
399,Mathieu Boily,D,QUE/GAT,16.321,33,1,1,0,2,2,10,10.0,0.03,0.03,0.0,0.06,0.06,0.3,0,0,0.0
400,Yan Dumontier,D,VDO,17.221,30,1,1,0,2,2,10,10.0,0.03,0.03,0.0,0.07,0.07,0.33,0,0,0.0
401,Zachary Shannon,D,CAP,18.924,5,0,2,0,2,2,3,0.0,0.0,0.4,0.0,0.4,0.4,0.6,0,0,0.0
402,Emrik Guillemette,RW,CHI,20.592,5,1,1,0,2,2,10,10.0,0.2,0.2,0.0,0.4,0.4,2.0,0,1,0.0
403,Kraig Pasher,RW,SNB,16.751,7,1,0,1,1,2,5,20.0,0.14,0.0,0.14,0.14,0.29,0.71,2,7,28.57
404,Benjamin Lagarde,RW,SHA,18.311,6,0,0,1,0,1,3,0.0,0.0,0.0,0.17,0.0,0.17,0.5,5,13,38.46
405,Charles Johnson,D,MON,18.508,53,0,0,1,0,1,30,0.0,0.0,0.0,0.02,0.0,0.02,0.57,0,0,0.0
406,Thomas Flynn,RW,MON,18.558,9,0,0,1,0,1,8,0.0,0.0,0.0,0.11,0.0,0.11,0.89,29,68,42.65
407,Mathieu Laverdure,D,BAC,17.21,13,0,0,1,0,1,5,0.0,0.0,0.0,0.08,0.0,0.08,0.38,0,0,0.0
408,Alexandre Gauthier,D,SHA,17.284,5,0,0,1,0,1,1,0.0,0.0,0.0,0.2,0.0,0.2,0.2,0,0,0.0
409,Marc-Antoine Goyette,D,SHA,20.102,5,0,0,1,0,1,10,0.0,0.0,0.0,0.2,0.0,0.2,2.0,0,0,0.0
410,John-Michael Walsh,D,CAP,17.388,10,0,0,1,0,1,5,0.0,0.0,0.0,0.1,0.0,0.1,0.5,1,1,100.0
411,Denis Creighton,LW,SNB,17.257,18,0,0,1,0,1,6,0.0,0.0,0.0,0.06,0.0,0.06,0.33,2,5,40.0
412,Jacob Sweeney,D,VIC/MON,16.542,9,0,0,1,0,1,2,0.0,0.0,0.0,0.11,0.0,0.11,0.22,0,0,0.0
413,Samuel Lachance,D,QUE,19.549,2,0,0,1,0,1,2,0.0,0.0,0.0,0.5,0.0,0.5,1.0,0,0,0.0
414,Jean-Sebastien Fournier,D,DRU,20.148,8,0,1,0,1,1,10,0.0,0.0,0.12,0.0,0.12,0.12,1.25,0,0,0.0
415,Pier-Olivier GrandMaison,RW,BLB,17.665,2,1,0,0,1,1,6,16.67,0.5,0.0,0.0,0.5,0.5,3.0,0,0,0.0
416,Raphael Riendeau,D,VDO,19.089,5,0,1,0,1,1,1,0.0,0.0,0.2,0.0,0.2,0.2,0.2,0,0,0.0
417,Charles Poulin,C,BAC,17.506,25,1,0,0,1,1,17,5.88,0.04,0.0,0.0,0.04,0.04,0.68,1,1,100.0
418,Carl Tatonetti,D,VDO,19.683,6,0,1,0,1,1,0,0.0,0.0,0.17,0.0,0.17,0.17,0.0,0,0,0.0
419,Damon MacEachern,RW,CAP,17.471,2,0,1,0,1,1,0,0.0,0.0,0.5,0.0,0.5,0.5,0.0,0,0,0.0
420,Kelly Bent,RW,PEI,16.616,18,0,1,0,1,1,6,0.0,0.0,0.06,0.0,0.06,0.06,0.33,0,2,0.0
421,Joey Dube,D,BAT,17.273,23,0,1,0,1,1,4,0.0,0.0,0.04,0.0,0.04,0.04,0.17,0,0,0.0
422,Tristan Tremblay,RW,VIC,16.208,2,0,1,0,1,1,1,0.0,0.0,0.5,0.0,0.5,0.5,0.5,0,0,0.0
423,Charles-Eric Legare,RW,RIM,17.287,5,0,1,0,1,1,5,0.0,0.0,0.2,0.0,0.2,0.2,1.0,0,0,0.0
424,Luke St-Amand,C,CHI,17.462,11,1,0,0,1,1,5,20.0,0.09,0.0,0.0,0.09,0.09,0.45,0,1,0.0
425,Vincent Blanchette,C,DRU,18.473,3,0,1,0,1,1,4,0.0,0.0,0.33,0.0,0.33,0.33,1.33,16,41,39.02
426,Viktor Hertzberg,RW,BLB,20.397,2,1,0,0,1,1,7,14.29,0.5,0.0,0.0,0.5,0.5,3.5,0,0,0.0
427,Lindon Beckwith,LW,MON,17.035,4,1,0,0,1,1,3,33.33,0.25,0.0,0.0,0.25,0.25,0.75,0,1,0.0
428,Carl Marois,LW,BAT,16.041,5,1,0,0,1,1,4,25.0,0.2,0.0,0.0,0.2,0.2,0.8,1,1,100.0
429,Dominic Talbot-Tassi,D,DRU,17.577,4,0,1,0,1,1,1,0.0,0.0,0.25,0.0,0.25,0.25,0.25,0,0,0.0
430,Alexandre Bergeron,D,ROU,18.637,2,0,1,0,1,1,2,0.0,0.0,0.5,0.0,0.5,0.5,1.0,0,0,0.0
431,Alexandre Grenier,RW,DRU,16.942,2,0,1,0,1,1,0,0.0,0.0,0.5,0.0,0.5,0.5,0.0,0,0,0.0
432,Christopher Caissy,RW,BAT,18.24,2,0,0,0,0,0,0,0.0,0.0,0.0,0.0,0.0,0.0,0.0,0,0,0.0
433,Mason Gray,LW,VDO,16.679,2,0,0,0,0,0,2,0.0,0.0,0.0,0.0,0.0,0.0,1.0,0,0,0.0
434,Jeremy Barriault,D,ROU,18.913,2,0,0,0,0,0,2,0.0,0.0,0.0,0.0,0.0,0.0,1.0,0,0,0.0
435,Simon Boudreau,D,RIM,16.655,1,0,0,0,0,0,0,0.0,0.0,0.0,0.0,0.0,0.0,0.0,0,0,0.0
436,Julien Belliveau,D,MON,16.447,3,0,0,0,0,0,1,0.0,0.0,0.0,0.0,0.0,0.0,0.33,0,0,0.0
437,Tommy Bouvrette,D,CAP,17.29,3,0,0,0,0,0,0,0.0,0.0,0.0,0.0,0.0,0.0,0.0,0,0,0.0
438,Ryan Labrie,RW,SHA,18.607,3,0,0,0,0,0,1,0.0,0.0,0.0,0.0,0.0,0.0,0.33,0,0,0.0
439,Miguel Caron,C,BAC,16.6,5,0,0,0,0,0,1,0.0,0.0,0.0,0.0,0.0,0.0,0.2,0,3,0.0
440,Alexandre Gosselin,D,BAT,16.4,5,0,0,0,0,0,1,0.0,0.0,0.0,0.0,0.0,0.0,0.2,0,0,0.0
441,Cole Hutchinson,D,GAT,17.438,10,0,0,0,0,0,3,0.0,0.0,0.0,0.0,0.0,0.0,0.3,0,0,0.0
442,Frederic Bergeron,LW,QUE,17.246,3,0,0,0,0,0,0,0.0,0.0,0.0,0.0,0.0,0.0,0.0,0,0,0.0
443,Tyler Morrison,RW,GAT,17.569,7,0,0,0,0,0,2,0.0,0.0,0.0,0.0,0.0,0.0,0.29,0,1,0.0
444,Karl Leveille,RW,GAT,16.868,4,0,0,0,0,0,1,0.0,0.0,0.0,0.0,0.0,0.0,0.25,0,2,0.0
445,Samuel Landry,C,SHA,16.844,2,0,0,0,0,0,1,0.0,0.0,0.0,0.0,0.0,0.0,0.5,4,6,66.67
446,Alexandre Chenier-Allard,D,PEI,17.027,3,0,0,0,0,0,0,0.0,0.0,0.0,0.0,0.0,0.0,0.0,0,0,0.0
447,Kyle Kavanaugh,D,HAL,18.593,1,0,0,0,0,0,0,0.0,0.0,0.0,0.0,0.0,0.0,0.0,0,0,0.0
448,Samuel Lemay-Champagne,LW,CHI,16.909,3,0,0,0,0,0,0,0.0,0.0,0.0,0.0,0.0,0.0,0.0,0,0,0.0
449,Philippe Charbonneau,D,VDO,16.833,1,0,0,0,0,0,0,0.0,0.0,0.0,0.0,0.0,0.0,0.0,0,0,0.0
450,Andrew Meredith,C,VIC/BAC,17.334,7,0,0,0,0,0,2,0.0,0.0,0.0,0.0,0.0,0.0,0.29,4,13,30.77
451,Jasmin Boutet,C,RIM,16.493,3,0,0,0,0,0,1,0.0,0.0,0.0,0.0,0.0,0.0,0.33,5,10,50.0
452,Felix Morin,D,BAC,16.608,1,0,0,0,0,0,0,0.0,0.0,0.0,0.0,0.0,0.0,0.0,0,0,0.0
453,Danick Martel,C,BLB,16.759,1,0,0,0,0,0,2,0.0,0.0,0.0,0.0,0.0,0.0,2.0,0,0,0.0
454,Francis Bernier,C,BAT,17.618,4,0,0,0,0,0,1,0.0,0.0,0.0,0.0,0.0,0.0,0.25,6,18,33.33
455,Emeric Hudon,RW,SHA,17.074,3,0,0,0,0,0,1,0.0,0.0,0.0,0.0,0.0,0.0,0.33,0,0,0.0
456,Carl Chenier,RW,PEI,16.526,1,0,0,0,0,0,1,0.0,0.0,0.0,0.0,0.0,0.0,1.0,0,0,0.0
457,Matt Bernier,LW,MON,17.013,3,0,0,0,0,0,3,0.0,0.0,0.0,0.0,0.0,0.0,1.0,0,1,0.0
458,James Joseph Allison,D,BAT,17.175,2,0,0,0,0,0,0,0.0,0.0,0.0,0.0,0.0,0.0,0.0,0,0,0.0
459,Jordan Labbe,D,MON,16.449,5,0,0,0,0,0,0,0.0,0.0,0.0,0.0,0.0,0.0,0.0,0,0,0.0
460,Alexander Centis-Jorge,C,MON,16.556,4,0,0,0,0,0,2,0.0,0.0,0.0,0.0,0.0,0.0,0.5,0,0,0.0
461,Robert MacKenzie,C,BLB,16.734,2,0,0,0,0,0,6,0.0,0.0,0.0,0.0,0.0,0.0,3.0,0,0,0.0
462,Billy Hartley,D,CAP,17.651,2,0,0,0,0,0,1,0.0,0.0,0.0,0.0,0.0,0.0,0.5,0,0,0.0
463,Rory Craddock,D,SNB,19.672,2,0,0,0,0,0,1,0.0,0.0,0.0,0.0,0.0,0.0,0.5,0,0,0.0
464,Garret Holmes,C,MON,18.199,1,0,0,0,0,0,0,0.0,0.0,0.0,0.0,0.0,0.0,0.0,0,0,0.0
465,Patrick Volpe,D,SHA,18.366,24,0,0,0,0,0,20,0.0,0.0,0.0,0.0,0.0,0.0,0.83,0,0,0.0
466,Benjamin Hade,D,SNB,17.564,5,0,0,0,0,0,6,0.0,0.0,0.0,0.0,0.0,0.0,1.2,0,0,0.0
467,Danny Wicks,LW,SNB,18.032,6,0,0,0,0,0,6,0.0,0.0,0.0,0.0,0.0,0.0,1.0,0,0,0.0
468,Cameron McDonald,D,MON,18.434,16,0,0,0,0,0,11,0.0,0.0,0.0,0.0,0.0,0.0,0.69,0,0,0.0
469,Lance Pridham,D,MON,19.54,5,0,0,0,0,0,1,0.0,0.0,0.0,0.0,0.0,0.0,0.2,0,1,0.0
470,Jacob Arsenault,D,CAP,16.526,7,0,0,0,0,0,1,0.0,0.0,0.0,0.0,0.0,0.0,0.14,0,0,0.0
471,Joel Blanchard,RW,HAL,17.514,3,0,0,0,0,0,1,0.0,0.0,0.0,0.0,0.0,0.0,0.33,0,0,0.0
472,Jonathan Parisien,D,HAL,20.263,4,0,0,0,0,0,2,0.0,0.0,0.0,0.0,0.0,0.0,0.5,0,0,0.0
473,Brandon Pye,RW,HAL,17.074,2,0,0,0,0,0,1,0.0,0.0,0.0,0.0,0.0,0.0,0.5,3,7,42.86
474,Ryan Davis,RW,HAL,18.418,2,0,0,0,0,0,0,0.0,0.0,0.0,0.0,0.0,0.0,0.0,0,0,0.0
475,Adam Jones,LW,VDO,19.206,1,0,0,0,0,0,0,0.0,0.0,0.0,0.0,0.0,0.0,0.0,0,0,0.0
476,Dylan Labbe,D,SHA,16.682,6,0,0,0,0,0,1,0.0,0.0,0.0,0.0,0.0,0.0,0.17,0,0,0.0
477,Payton Ruter,RW,SHA,18.122,4,0,0,0,0,0,0,0.0,0.0,0.0,0.0,0.0,0.0,0.0,0,0,0.0
478,Simon Desbiens,LW,CHI,16.501,4,0,0,0,0,0,2,0.0,0.0,0.0,0.0,0.0,0.0,0.5,0,0,0.0
479,Alexandre Caron-Roy,LW,VDO,16.025,4,0,0,0,0,0,0,0.0,0.0,0.0,0.0,0.0,0.0,0.0,0,0,0.0
480,Cedric LeBlanc,RW,QUE,18.541,19,0,0,0,0,0,19,0.0,0.0,0.0,0.0,0.0,0.0,1.0,15,33,45.45
481,Nicholas Duchesne,D,RIM,18.927,1,0,0,0,0,0,0,0.0,0.0,0.0,0.0,0.0,0.0,0.0,0,0,0.0
482,Jordan Kennedy,C,GAT,16.507,11,0,0,0,0,0,1,0.0,0.0,0.0,0.0,0.0,0.0,0.09,4,11,36.36
483,Alexandre Roy,D,RIM,17.577,3,0,0,0,0,0,0,0.0,0.0,0.0,0.0,0.0,0.0,0.0,0,0,0.0
484,Christophe Archambault,LW,RIM,17.67,3,0,0,0,0,0,1,0.0,0.0,0.0,0.0,0.0,0.0,0.33,0,2,0.0
485,Felix Jarry,LW,CAP,17.383,26,0,0,0,0,0,15,0.0,0.0,0.0,0.0,0.0,0.0,0.58,1,2,50.0
486,Ryan Kelly,D,SNB,17.358,5,0,0,0,0,0,3,0.0,0.0,0.0,0.0,0.0,0.0,0.6,0,0,0.0
487,Mike Molloy,C,HAL,16.811,1,0,0,0,0,0,0,0.0,0.0,0.0,0.0,0.0,0.0,0.0,0,0,0.0
488,Luke Warner,LW,HAL,18.366,5,0,0,0,0,0,0,0.0,0.0,0.0,0.0,0.0,0.0,0.0,0,0,0.0
489,Patrick McGrath,RW,PEI,18.497,11,0,0,0,0,0,2,0.0,0.0,0.0,0.0,0.0,0.0,0.18,1,1,100.0
490,Alex Gallant,LW,PEI,18.768,32,0,0,0,0,0,8,0.0,0.0,0.0,0.0,0.0,0.0,0.25,1,2,50.0
491,Geoff Bezruchko,C,GAT,18.544,3,0,0,0,0,0,0,0.0,0.0,0.0,0.0,0.0,0.0,0.0,0,1,0.0
492,Patrick Harrison,D,SHA,19.625,1,0,0,0,0,0,0,0.0,0.0,0.0,0.0,0.0,0.0,0.0,0,0,0.0
493,Marc-Antoine Bouillon,RW,QUE,16.578,1,0,0,0,0,0,0,0.0,0.0,0.0,0.0,0.0,0.0,0.0,0,0,0.0
494,Dustin Jesseau,RW,BAT,19.267,2,0,0,0,0,0,0,0.0,0.0,0.0,0.0,0.0,0.0,0.0,0,0,0.0
495,Jordan Moore,D,SNB,19.319,2,0,0,0,0,0,1,0.0,0.0,0.0,0.0,0.0,0.0,0.5,0,0,0.0
