,Name,Pos,Team,Age,GP,G,A1,A2,P1,P,Sh,Sh%,G/GP,A1/GP,A2/GP,P1/GP,P/GP,Sh/GP
0,Ted Purcell,F,CR,19.52,111,38,58,41,96,137,275,14.995,0.345,0.52,0.37,0.865,1.235,2.485
1,Trevor Lewis,F,DM,18.187,107,43,30,21,73,94,355,11.18,0.395,0.275,0.195,0.675,0.865,3.295
2,Jaroslav Markovic,F,TC,19.818,108,48,29,14,77,91,232,20.45,0.45,0.27,0.13,0.72,0.85,2.16
3,Jarod Palmer,F,TC,19.096,108,29,45,16,74,90,299,9.785,0.27,0.41,0.15,0.68,0.83,2.76
4,Eddie Del Grosso,D,IND,19.553,114,34,24,25,58,83,270,12.67,0.3,0.215,0.22,0.515,0.735,2.395
5,Ryan Thang,F,SF/OMA,17.85,113,32,31,20,63,83,255,11.925,0.285,0.275,0.175,0.56,0.735,2.26
6,Justin Milo,F,SF/LIN/IND,18.06,113,49,19,14,68,82,427,11.48,0.435,0.17,0.125,0.6,0.725,3.775
7,JJ Koehler,F,LIN,19.465,117,37,26,18,63,81,273,13.365,0.315,0.22,0.155,0.545,0.695,2.34
8,Colin Vock,F,IND/DM,19.268,118,32,31,18,63,81,299,10.185,0.28,0.27,0.155,0.545,0.7,2.555
9,Dan Riedel,F,LIN,19.398,60,30,35,16,65,81,234,12.82,0.5,0.58,0.27,1.08,1.35,3.9
10,Mark Magnowski,F,GB/SF,18.858,118,35,23,22,58,80,222,15.81,0.295,0.2,0.19,0.495,0.68,1.88
11,Chad Costello,F,CR,19.152,59,31,30,15,61,76,160,19.38,0.53,0.51,0.25,1.03,1.29,2.71
12,Nick Schaus,D,OMA,18.704,116,10,29,36,39,75,170,4.73,0.085,0.25,0.31,0.335,0.645,1.455
13,Todd McIlrath,F,IND,19.049,68,33,28,12,61,73,230,14.185,0.49,0.405,0.175,0.895,1.07,3.395
14,Andreas Nodl,F,SF,18.047,99,35,22,15,57,72,224,14.415,0.33,0.205,0.15,0.535,0.685,2.16
15,Garrett Roe,F,IND,17.064,96,26,26,19,52,71,223,10.805,0.275,0.27,0.2,0.55,0.745,2.335
16,Mike Davies,F,LIN,18.766,50,28,32,11,60,71,167,16.77,0.56,0.64,0.22,1.2,1.42,3.34
17,Chad Rau,F,DM,17.66,57,31,21,19,52,71,238,13.03,0.54,0.37,0.33,0.91,1.25,4.18
18,Chris Clackson,F,CHI,18.135,110,38,24,8,62,70,300,13.12,0.34,0.215,0.07,0.56,0.63,2.7
19,Eli Vlaisavljevich,D,LIN,19.367,114,23,25,21,48,69,188,11.75,0.205,0.22,0.185,0.425,0.615,1.655
20,Trevor Smith,F,OMA,19.601,59,29,27,12,56,68,170,17.06,0.49,0.46,0.2,0.95,1.15,2.88
21,Zach Bearson,F,WAT/WATE,17.76,105,30,20,18,50,68,260,11.675,0.29,0.19,0.17,0.48,0.65,2.475
22,Corey Carlson,F,OMA,19.666,59,25,23,18,48,66,216,11.57,0.42,0.39,0.31,0.81,1.12,3.66
23,Cody Chupp,F,TC/WATE,19.988,111,24,26,14,50,64,296,8.48,0.22,0.235,0.13,0.455,0.58,2.69
24,Brian Bales,F,SC,19.699,52,20,25,16,45,61,100,20.0,0.38,0.48,0.31,0.87,1.17,1.92
25,Matt Schepke,F,OMA,19.367,89,39,16,5,55,60,270,10.52,0.35,0.14,0.05,0.49,0.54,2.625
26,Rob Ricci,F,CR,19.759,58,26,23,11,49,60,181,14.36,0.45,0.4,0.19,0.84,1.03,3.12
27,Tim Kennedy,F,SC,18.38,51,29,22,9,51,60,127,22.83,0.57,0.43,0.18,1.0,1.18,2.49
28,Erik Condra,F,LIN,18.111,60,30,21,9,51,60,183,16.39,0.5,0.35,0.15,0.85,1.0,3.05
29,Ryan Raven,F,DM/OMA,19.17,105,30,19,11,49,60,197,16.3,0.285,0.18,0.105,0.465,0.57,1.875
30,Brock Trotter,F,LIN,17.665,60,20,20,18,40,58,175,11.43,0.33,0.33,0.3,0.67,0.97,2.92
31,Eric Lampe,F,CHI,18.962,107,21,24,13,45,58,258,8.06,0.195,0.225,0.125,0.43,0.55,2.44
32,Sean Muncy,F,DM/WAT/CR,19.677,59,25,27,6,52,58,205,12.2,0.42,0.46,0.1,0.88,0.98,3.47
33,Nathan Perkovich,F,CHI,19.418,92,31,14,12,45,57,228,12.62,0.305,0.125,0.115,0.435,0.555,2.32
34,Brock Bradford,F,OMA,17.69,59,24,21,12,45,57,194,12.37,0.41,0.36,0.2,0.76,0.97,3.29
35,Mick Berge,F,LIN,19.601,60,13,15,29,28,57,165,7.88,0.22,0.25,0.48,0.47,0.95,2.75
36,Brian Roloff,F,GB,18.606,84,32,17,7,49,56,232,11.94,0.33,0.19,0.07,0.52,0.59,2.705
37,Mike Kramer,F,LIN,17.551,112,25,17,14,42,56,210,12.785,0.225,0.15,0.125,0.375,0.5,1.875
38,Kyle Okposo,F,DM,17.416,49,26,25,5,51,56,188,13.83,0.53,0.51,0.1,1.04,1.14,3.84
39,Jeremy Dehner,D,GB,17.894,108,13,19,23,32,55,226,5.675,0.12,0.175,0.215,0.3,0.515,2.095
40,Sean Backman,F,GB,19.382,56,29,15,11,44,55,252,11.51,0.52,0.27,0.2,0.79,0.98,4.5
41,John Kemp,F,WAT/IND,18.112,52,7,33,14,40,54,79,4.43,0.07,0.33,0.14,0.4,0.54,0.79
42,Phil DeSimone,F,SC,17.995,90,16,21,17,37,54,174,7.685,0.17,0.225,0.18,0.39,0.57,1.855
43,Mario Lamoureux,F,TC,16.743,114,20,20,13,40,53,177,11.44,0.175,0.175,0.115,0.355,0.465,1.555
44,Andrew Carroll,F,SF,19.36,59,31,11,11,42,53,221,14.03,0.53,0.19,0.19,0.71,0.9,3.75
45,Tom Gorowsky,F,SF,18.412,53,18,22,12,40,52,166,10.84,0.34,0.42,0.23,0.75,0.98,3.13
46,Christian Hanson,F,TC,18.519,58,19,21,12,40,52,174,10.92,0.33,0.36,0.21,0.69,0.9,3.0
47,Nate Prosser,D,SF,18.86,115,6,21,25,27,52,204,3.17,0.055,0.185,0.22,0.23,0.455,1.785
48,Tomas Klempa,F,IND,20.616,56,25,20,7,45,52,163,15.34,0.45,0.36,0.12,0.8,0.93,2.91
49,Matt Vokes,F,CR,19.034,56,27,14,11,41,52,148,18.24,0.48,0.25,0.2,0.73,0.93,2.64
50,Ryan Peckskamp,F,IND,19.766,112,26,16,10,42,52,219,11.715,0.23,0.145,0.09,0.375,0.46,1.95
51,Kevin Deeth,F,GB,18.308,58,19,25,7,44,51,136,13.97,0.33,0.43,0.12,0.76,0.88,2.34
52,Justin Abdelkader,F,CR,17.555,58,26,15,10,41,51,130,20.0,0.45,0.26,0.17,0.71,0.88,2.24
53,Chris Minella,F,SC,19.698,104,26,15,10,41,51,169,14.205,0.26,0.14,0.095,0.4,0.495,1.665
54,Casey Parenteau,F,SF,19.327,56,21,17,12,38,50,145,14.48,0.38,0.3,0.21,0.68,0.89,2.59
55,TJ Fox,F,CHI,20.263,60,21,21,8,42,50,208,10.1,0.35,0.35,0.13,0.7,0.83,3.47
56,Zach Cohen,F,TC,18.107,106,25,15,10,40,50,194,12.91,0.225,0.14,0.095,0.365,0.46,1.75
57,Mark Stockdale,F,GB,19.487,88,23,21,5,44,49,168,12.925,0.245,0.205,0.06,0.45,0.515,1.905
58,Mike Beck,D,IND/SC,18.934,105,11,19,19,30,49,254,4.415,0.105,0.18,0.18,0.29,0.47,2.415
59,Phil Axtell,F,CR,18.591,73,28,12,8,40,48,145,22.58,0.35,0.155,0.105,0.505,0.605,1.735
60,Jordan Pietrus,F,CR,19.487,106,24,11,13,35,48,197,13.095,0.235,0.105,0.125,0.335,0.46,1.84
61,Dan Kissel,F,CHI,18.14,76,18,23,7,41,48,193,7.015,0.175,0.275,0.06,0.45,0.51,2.16
62,Blake Wheeler,F,GB,18.043,58,19,21,7,40,47,189,10.05,0.33,0.36,0.12,0.69,0.81,3.26
63,Brian Gifford,F,IND,19.342,109,24,14,9,38,47,198,12.105,0.22,0.13,0.08,0.35,0.43,1.815
64,Jared Boll,F,LIN,18.344,59,23,16,8,39,47,173,13.29,0.39,0.27,0.14,0.66,0.8,2.93
65,Justin Bostrom,F,SC,18.492,39,26,9,11,35,46,115,22.61,0.67,0.23,0.28,0.9,1.18,2.95
66,Matt Arhontas,F,WAT/WATE,18.02,109,17,22,7,39,46,226,7.275,0.16,0.2,0.065,0.36,0.425,2.08
67,Mitch Ryan,F,WATE,18.883,57,25,12,9,37,46,233,10.73,0.44,0.21,0.16,0.65,0.81,4.09
68,David Meckler,F,WAT,17.189,59,30,11,4,41,45,187,16.04,0.51,0.19,0.07,0.69,0.76,3.17
69,Sergio Somma,F,GB,18.344,57,20,13,12,33,45,177,11.3,0.35,0.23,0.21,0.58,0.79,3.11
70,Brandon Svendsen,F,CR,19.431,58,19,19,7,38,45,133,14.29,0.33,0.33,0.12,0.66,0.78,2.29
71,Alex Laseen,F,DM/IND,18.411,102,19,19,7,38,45,211,9.155,0.185,0.185,0.065,0.37,0.435,2.09
72,Garrett Raboin,D,LIN,19.972,115,12,15,18,27,45,177,6.815,0.105,0.13,0.155,0.24,0.395,1.54
73,J.P. Platisha,F,TC,20.644,58,25,10,10,35,45,142,17.61,0.43,0.17,0.17,0.6,0.78,2.45
74,Garrett Regan,F,WAT,19.398,57,21,15,8,36,44,167,12.57,0.37,0.26,0.14,0.63,0.77,2.93
75,Jeff LoVecchio,F,OMA,19.056,56,17,16,11,33,44,146,11.64,0.3,0.29,0.2,0.59,0.79,2.61
76,Nicholas Fanto,F,OMA,18.77,114,19,14,11,33,44,223,8.785,0.165,0.125,0.095,0.29,0.385,1.945
77,Jon Grabarek,F,CR,20.332,57,17,13,13,30,43,146,11.64,0.3,0.23,0.23,0.53,0.75,2.56
78,Blake Martin,F,SC,18.348,75,14,14,15,28,43,127,11.065,0.19,0.19,0.22,0.38,0.6,1.705
79,Ted Cook,F,OMA,19.954,58,22,11,10,33,43,126,17.46,0.38,0.19,0.17,0.57,0.74,2.17
80,Brett Watson,F,TC,19.892,101,12,16,15,28,43,208,5.405,0.115,0.16,0.155,0.275,0.425,2.035
81,Chris Moran,F,OMA,18.412,59,15,19,8,34,42,157,9.55,0.25,0.32,0.14,0.58,0.71,2.66
82,Travis Winter,F,IND,20.099,59,21,13,8,34,42,136,15.44,0.36,0.22,0.14,0.58,0.71,2.31
83,Chris Vande Velde,F,LIN,18.006,61,17,17,7,34,41,132,11.155,0.22,0.345,0.125,0.565,0.69,1.905
84,Tyler Lehrke,F,GB,18.904,111,17,17,7,34,41,194,8.23,0.16,0.155,0.065,0.315,0.38,1.8
85,Kevin Swallow,F,CHI,18.36,60,20,16,5,36,41,129,15.5,0.33,0.27,0.08,0.6,0.68,2.15
86,Nik Sellers,F,CR,19.376,59,15,18,8,33,41,100,15.0,0.25,0.31,0.14,0.56,0.69,1.69
87,Ryan Hohl,F,LIN/SC,19.542,98,16,16,9,32,41,135,9.255,0.175,0.17,0.095,0.335,0.43,1.415
88,John Vadnais,D,LIN/DM,18.942,86,14,17,9,31,40,125,11.285,0.195,0.205,0.165,0.4,0.565,1.66
89,Corey Elkins,F,SC,19.56,55,19,10,11,29,40,90,21.11,0.35,0.18,0.2,0.53,0.73,1.64
90,Mike Testwuide,F,WAT/WATE,18.11,97,19,15,5,34,39,205,7.94,0.185,0.15,0.05,0.34,0.39,2.085
91,Mark Bernier,D,TC,19.736,117,10,11,18,21,39,187,5.95,0.09,0.095,0.155,0.18,0.33,1.59
92,Shane Lovdahl,D,CR,20.367,58,7,16,16,23,39,127,5.51,0.12,0.28,0.28,0.4,0.67,2.19
93,Eric Slais,F,CHI,19.111,59,10,14,15,24,39,124,8.06,0.17,0.24,0.25,0.41,0.66,2.1
94,Tim Miller,F,OMA,17.531,58,17,10,11,27,38,116,14.66,0.29,0.17,0.19,0.47,0.66,2.0
95,Corey Quirk,F,WAT,18.204,58,13,15,10,28,38,136,9.56,0.22,0.26,0.17,0.48,0.66,2.34
96,Brett Motherwell,D,OMA,18.013,59,5,14,19,19,38,102,4.9,0.08,0.24,0.32,0.32,0.64,1.73
97,Dennis McCauley,F,SC,19.086,51,17,14,7,31,38,123,13.82,0.33,0.27,0.14,0.61,0.75,2.41
98,Nick Kemp,F,SC,18.694,56,15,17,6,32,38,104,14.42,0.27,0.3,0.11,0.57,0.68,1.86
99,Dirk Jelitto,F,OMA,20.214,58,15,18,5,33,38,124,12.1,0.26,0.31,0.09,0.57,0.66,2.14
100,Randy Guzior,F,CHI,19.587,52,17,12,9,29,38,134,12.69,0.33,0.23,0.17,0.56,0.73,2.58
101,Drew Dobson,D,WAT/WATE,17.612,104,6,22,10,28,38,174,3.625,0.055,0.21,0.095,0.265,0.365,1.68
102,Ryan Turek,D,OMA,17.483,95,19,14,5,33,38,159,9.665,0.19,0.15,0.055,0.335,0.39,1.625
103,Ben Ryan,F,DM,16.915,59,14,17,6,31,37,130,10.77,0.24,0.29,0.1,0.53,0.63,2.2
104,Jared Brown,F,LIN,19.565,54,14,13,10,27,37,131,10.69,0.26,0.24,0.19,0.5,0.69,2.43
105,Ken Rowe,F,DM,20.354,59,18,8,11,26,37,109,16.51,0.31,0.14,0.19,0.44,0.63,1.85
106,James Perkin,F,LIN,18.056,57,15,11,11,26,37,125,12.0,0.26,0.19,0.19,0.46,0.65,2.19
107,Patrick Mullen,F,SF,18.363,59,14,14,9,28,37,79,17.72,0.24,0.24,0.15,0.47,0.63,1.34
108,Richard Purslow,F,DM,19.13,57,11,13,12,24,36,145,7.59,0.19,0.23,0.21,0.42,0.63,2.54
109,Tony Lucia,F,OMA,17.565,66,13,10,13,23,36,175,6.9,0.155,0.09,0.12,0.245,0.365,2.17
110,Travis Turnbull,F,SC,18.193,43,17,10,9,27,36,97,17.53,0.4,0.23,0.21,0.63,0.84,2.26
111,Sam Gagner,C,SC,16.099,46,9,20,6,29,35,96,9.38,0.2,0.43,0.13,0.63,0.76,2.09
112,Andy Bohmbach,F,WAT/WATE,18.055,105,13,8,14,21,35,158,6.4,0.115,0.07,0.13,0.19,0.32,1.47
113,Alex Hudson,F,TC,17.626,79,15,13,6,28,34,140,9.645,0.17,0.195,0.09,0.365,0.455,1.79
114,Nathan Lawrence,F,WAT/IND,18.008,102,13,11,10,24,34,164,7.87,0.13,0.11,0.1,0.23,0.335,1.615
115,Steven Kampfer,D,SC,16.476,90,12,12,10,24,34,156,7.985,0.135,0.135,0.115,0.27,0.38,1.725
116,Drew Akins,F,SF,19.864,56,15,14,5,29,34,137,10.95,0.27,0.25,0.09,0.52,0.61,2.45
117,Player ID: 2354,,TC,2003.704,41,9,16,9,25,34,80,11.25,0.22,0.39,0.22,0.61,0.83,1.95
118,Aaron Palushaj,F,DM,16.022,57,10,17,6,27,33,103,9.71,0.18,0.3,0.11,0.47,0.58,1.81
119,Samir Saliji,F,DM,20.537,45,11,10,12,21,33,120,9.17,0.24,0.22,0.27,0.47,0.73,2.67
120,Michal Borovansky,RW/F,IND,20.004,60,9,13,11,22,33,157,5.815,0.15,0.22,0.19,0.37,0.555,2.635
121,Jake Obermeyer,D,TC,20.182,89,13,8,11,21,32,218,5.86,0.145,0.085,0.135,0.23,0.365,2.455
122,Matt Greer,F,DM,18.818,60,14,12,6,26,32,155,9.03,0.23,0.2,0.1,0.43,0.53,2.58
123,Greg Collins,F,CR,18.585,47,8,13,11,21,32,68,11.76,0.17,0.28,0.23,0.45,0.68,1.45
124,Josh Meyers,D,SC,18.774,54,8,11,13,19,32,100,8.0,0.15,0.2,0.24,0.35,0.59,1.85
125,Gary Steffes,F,CR,17.825,96,12,11,9,23,32,174,5.47,0.115,0.105,0.1,0.22,0.32,1.74
126,Billy Smith,F,GB,18.1,55,14,9,9,23,32,142,9.86,0.25,0.16,0.16,0.42,0.58,2.58
127,Raymond Eichenlaub,D,CR,18.163,58,12,10,10,22,32,98,12.24,0.21,0.17,0.17,0.38,0.55,1.69
128,Chris Peluso,D,SF,18.57,107,6,16,9,22,31,116,4.57,0.055,0.15,0.085,0.205,0.285,1.08
129,John Swanson,F,LIN/CHI,19.091,49,13,10,8,23,31,112,11.61,0.27,0.2,0.16,0.47,0.63,2.29
130,David Strathman,D,CR,20.066,58,12,9,10,21,31,145,8.28,0.21,0.16,0.17,0.36,0.53,2.5
131,Jay Sprague,F,IND,19.064,54,16,8,7,24,31,124,12.9,0.3,0.15,0.13,0.44,0.57,2.3
132,Stewart Carlin,D,SF/CHI,19.678,107,7,12,11,19,30,185,2.895,0.06,0.11,0.1,0.175,0.275,1.705
133,Joe Vitale,F,SF,19.072,52,10,17,3,27,30,91,10.99,0.19,0.33,0.06,0.52,0.58,1.75
134,Aaron Bendickson,F,CR/DM/IND,19.62,53,16,5,9,21,30,94,17.02,0.3,0.09,0.17,0.4,0.57,1.77
135,Erik Felde,F,CR,16.715,58,16,12,2,28,30,75,21.33,0.28,0.21,0.03,0.48,0.52,1.29
136,Ryan Salvis,F,LIN,20.471,29,18,12,0,30,30,76,23.68,0.62,0.41,0.0,1.03,1.03,2.62
137,Brandon Coccimiglio,F,CHI,18.161,55,14,9,6,23,29,111,12.61,0.25,0.16,0.11,0.42,0.53,2.02
138,Jacob Cepis,F,CR,17.736,58,12,11,6,23,29,114,10.53,0.21,0.19,0.1,0.4,0.5,1.97
139,David Marshall,F,CHI,19.508,56,20,6,3,26,29,171,11.7,0.36,0.11,0.05,0.46,0.52,3.05
140,Brian Keane,F,CHI,17.331,48,6,14,9,20,29,69,8.7,0.12,0.29,0.19,0.42,0.6,1.44
141,James Marcou,F,WATE,17.572,49,17,10,2,27,29,118,14.41,0.35,0.2,0.04,0.55,0.59,2.41
142,Ryan Gunderson,F,TC/CR,19.092,113,13,10,6,23,29,108,11.095,0.11,0.085,0.05,0.2,0.255,0.945
143,Garrett Suter,D,GB/WATE,17.77,97,8,13,7,21,28,133,5.93,0.085,0.15,0.075,0.235,0.3,1.375
144,Chris Walsh,F,CHI,19.598,60,10,11,7,21,28,108,9.26,0.17,0.18,0.12,0.35,0.47,1.8
145,Josh Brodeen,F,GB/LIN,18.87,46,14,7,7,21,28,65,21.54,0.3,0.15,0.15,0.46,0.61,1.41
146,Matt Ambroz,F,TC,17.978,70,11,8,9,19,28,152,3.9,0.09,0.065,0.075,0.16,0.235,1.725
147,Kent Bostrom,F,SC,20.055,56,9,8,10,17,27,77,11.69,0.16,0.14,0.18,0.3,0.48,1.38
148,Andy Miele,F,CR,17.419,52,10,12,5,22,27,79,12.66,0.19,0.23,0.1,0.42,0.52,1.52
149,Brad Miller,F,GB,18.623,46,13,9,5,22,27,103,12.62,0.28,0.2,0.11,0.48,0.59,2.24
150,Chris Butler,D,SC,17.887,57,5,10,11,15,26,93,5.38,0.09,0.18,0.19,0.26,0.46,1.63
151,Justin White,F,SF,19.398,44,13,8,5,21,26,83,15.66,0.3,0.18,0.11,0.48,0.59,1.89
152,Brian Kilburg,D,TC,20.351,58,11,9,6,20,26,143,7.69,0.19,0.16,0.1,0.34,0.45,2.47
153,Trevor Bruess,F,LIN,19.691,54,10,10,6,20,26,80,12.5,0.19,0.19,0.11,0.37,0.48,1.48
154,Dustin Molle,D,WAT/WATE,19.309,88,4,16,6,20,26,130,3.245,0.06,0.19,0.07,0.25,0.315,1.615
155,Joe Charlebois,D,SC,18.574,56,1,11,13,12,25,64,1.56,0.02,0.2,0.23,0.21,0.45,1.14
156,Chris Stansik,D,GB/LIN,19.103,105,5,16,4,21,25,134,3.7,0.045,0.155,0.035,0.2,0.24,1.28
157,Kyle Kuk,D,TC,18.574,43,7,10,8,17,25,78,8.97,0.16,0.23,0.19,0.4,0.58,1.81
158,Matt Clackson,F,CHI,19.39,56,10,10,5,20,25,100,10.0,0.18,0.18,0.09,0.36,0.45,1.79
159,Mark Olver,F,OMA,17.706,58,5,10,10,15,25,82,6.1,0.09,0.17,0.17,0.26,0.43,1.41
160,Kevin OConnor,D,OMA,20.239,51,5,9,11,14,25,85,5.88,0.1,0.18,0.22,0.27,0.49,1.67
161,Peter Lenes,F,SC,18.453,57,13,5,7,18,25,136,9.56,0.23,0.09,0.12,0.32,0.44,2.39
162,Dustin Gazley,RW,SC,16.95,47,16,3,6,19,25,102,15.69,0.34,0.06,0.13,0.4,0.53,2.17
163,Andrew Olson,F,DM,18.251,55,7,8,10,15,25,109,6.42,0.13,0.15,0.18,0.27,0.45,1.98
164,Kyle Follmer,D,SC,18.018,44,9,10,5,19,24,68,13.24,0.2,0.23,0.11,0.43,0.55,1.55
165,Brandon Naurato,F,OMA,19.647,48,15,4,5,19,24,133,11.28,0.31,0.08,0.1,0.4,0.5,2.77
166,Chris Spicer,F,SC,18.003,78,8,7,8,15,23,86,9.385,0.105,0.09,0.105,0.195,0.295,1.085
167,Jordan Willert,F,TC,17.859,59,6,13,4,19,23,80,7.5,0.1,0.22,0.07,0.32,0.39,1.36
168,Brandon Harrington,F,SF,19.319,59,11,6,6,17,23,96,11.46,0.19,0.1,0.1,0.29,0.39,1.63
169,Travis Vermuelen,F,SF,18.224,57,8,5,10,13,23,72,11.11,0.14,0.09,0.18,0.23,0.4,1.26
170,Chris Zarb,D,TC,19.677,47,9,8,6,17,23,86,10.47,0.19,0.17,0.13,0.36,0.49,1.83
171,Corey Couturier,F,GB,19.617,51,10,10,3,20,23,99,10.1,0.2,0.2,0.06,0.39,0.45,1.94
172,Sami Liimatainen,D,CHI,17.734,119,3,10,10,13,23,67,4.69,0.025,0.085,0.08,0.11,0.195,0.56
173,Josh Duncan,D,WAT,18.536,58,5,5,13,10,23,96,5.21,0.09,0.09,0.22,0.17,0.4,1.66
174,Aleksandrs Jerofejevs,D,SF,20.428,51,3,13,7,16,23,58,5.17,0.06,0.25,0.14,0.31,0.45,1.14
175,Tom Gerken,D,DM/LIN,19.027,84,6,13,3,19,22,132,4.55,0.075,0.145,0.025,0.22,0.245,1.625
176,Cody Lampl,D,CHI,18.243,55,4,7,11,11,22,100,4.0,0.07,0.13,0.2,0.2,0.4,1.82
177,Rory Farrell,D,DM/SC,18.778,92,4,5,13,9,22,123,1.94,0.035,0.055,0.135,0.09,0.23,1.17
178,Matt Thurber,F,OMA,15.954,52,10,8,4,18,22,82,12.2,0.19,0.15,0.08,0.35,0.42,1.58
179,Lucas Klimek,F,IND,18.837,55,9,8,5,17,22,93,9.68,0.16,0.15,0.09,0.31,0.4,1.69
180,Chris Berenguer,D,SF,19.776,56,5,6,11,11,22,93,5.38,0.09,0.11,0.2,0.2,0.39,1.66
181,Jake Marto,D,OMA,19.097,53,1,10,11,11,22,74,1.35,0.02,0.19,0.21,0.21,0.42,1.4
182,Kyle Lawson,D,TC,18.678,49,9,5,8,14,22,101,8.91,0.18,0.1,0.16,0.29,0.45,2.06
183,Shane Sims,D,DM,17.377,58,10,5,7,15,22,145,6.9,0.17,0.09,0.12,0.26,0.38,2.5
184,Christopher Meyers,F,OMA/SF,18.626,51,8,4,10,12,22,58,13.79,0.16,0.08,0.2,0.24,0.43,1.14
185,Chad Langlais,D,LIN,19.124,57,4,8,10,12,22,101,3.96,0.07,0.14,0.18,0.21,0.39,1.77
186,Kevin Wehrs,D,CR,16.94,53,5,7,10,12,22,100,2.55,0.05,0.07,0.1,0.12,0.22,1.315
187,Milan Gulas,RW,IND,18.711,30,12,8,2,20,22,66,18.18,0.4,0.27,0.07,0.67,0.73,2.2
188,Alec Martinez,D,CR,17.145,56,10,6,5,16,21,94,10.64,0.18,0.11,0.09,0.29,0.38,1.68
189,Jake Bauer,D,SF,18.18,49,4,12,5,16,21,53,7.55,0.08,0.24,0.1,0.33,0.43,1.08
190,Ben Van Lare,F,DM,17.714,51,9,8,4,17,21,69,13.04,0.18,0.16,0.08,0.33,0.41,1.35
191,Isak Tranvik,F,WATE,19.256,56,9,8,4,17,21,126,7.14,0.16,0.14,0.07,0.3,0.38,2.25
192,Ben Grotting,F,LIN,19.406,50,9,9,3,18,21,103,8.74,0.18,0.18,0.06,0.36,0.42,2.06
193,Brent Borgen,F,LIN,20.66,29,9,4,8,13,21,55,16.36,0.31,0.14,0.28,0.45,0.72,1.9
194,Chase Ryan,D,CR/DM,18.35,113,1,8,12,9,21,114,0.665,0.01,0.07,0.105,0.075,0.18,1.0
195,Jesse Vesel,F,WAT,20.052,51,11,7,3,18,21,107,10.28,0.22,0.14,0.06,0.35,0.41,2.1
196,Evan Stephens,D,SF/CR,17.274,102,4,9,7,13,20,131,2.22,0.035,0.085,0.065,0.125,0.19,1.26
197,Corey Toy,D,OMA,16.602,97,5,6,9,11,20,89,5.065,0.05,0.06,0.09,0.11,0.205,0.915
198,Ben Holmstrom,F,SF,17.938,70,11,7,2,18,20,94,9.665,0.125,0.065,0.02,0.19,0.21,1.22
199,Dusitn Cloutier,F,CR,19.39,55,7,5,8,12,20,76,9.21,0.13,0.09,0.15,0.22,0.36,1.38
200,Nick Krates,D,OMA,18.216,104,7,7,6,14,20,97,8.055,0.07,0.07,0.06,0.135,0.19,0.935
201,Nick Deutz,F,IND/SF,19.758,67,8,7,5,15,20,54,15.34,0.12,0.105,0.075,0.22,0.295,0.805
202,Zachary Miskovic,D,CR,19.357,58,4,8,8,12,20,117,3.42,0.07,0.14,0.14,0.21,0.34,2.02
203,Jeremy Tejchma,F,IND/WATE,18.65,72,5,11,4,16,20,77,4.81,0.045,0.15,0.06,0.19,0.25,1.345
204,Ray Kaunisto,F,CR,18.604,53,5,8,6,13,19,110,4.55,0.09,0.15,0.11,0.25,0.36,2.08
205,Jim Erickson,F,DM,18.984,60,5,8,6,13,19,82,3.335,0.045,0.075,0.145,0.12,0.265,1.38
206,Brett Bandazian,F,LIN,17.933,39,4,7,8,11,19,33,12.12,0.1,0.18,0.21,0.28,0.49,0.85
207,Martin Hanzal,F,OMA,18.568,19,4,11,4,15,19,36,11.11,0.21,0.58,0.21,0.79,1.0,1.89
208,Brett Bruneteau,F,OMA,16.701,53,7,7,5,14,19,69,10.14,0.13,0.13,0.09,0.26,0.36,1.3
209,Mike Hull,F,IND,17.681,49,9,6,4,15,19,44,20.45,0.18,0.12,0.08,0.31,0.39,0.9
210,Billy Loupee,F,CR,19.984,54,4,10,5,14,19,66,6.06,0.07,0.19,0.09,0.26,0.35,1.22
211,Jay Cascalenda,F,IND,19.185,60,1,9,9,10,19,51,1.96,0.02,0.15,0.15,0.17,0.32,0.85
212,Danny Charleston,F,CHI,19.801,25,5,8,5,13,18,99,5.05,0.2,0.32,0.2,0.52,0.72,3.96
213,Kevin Roeder,D,CHI,18.656,60,8,5,5,13,18,81,9.88,0.13,0.08,0.08,0.22,0.3,1.35
214,Jacob Hipp,F,SF,19.65,55,7,9,2,16,18,60,11.67,0.13,0.16,0.04,0.29,0.33,1.09
215,Steve Silva,F,GB,18.412,59,6,9,3,15,18,84,7.14,0.1,0.15,0.05,0.25,0.31,1.42
216,John McCarthy,F,DM,18.103,60,8,7,3,15,18,139,5.76,0.13,0.12,0.05,0.25,0.3,2.32
217,Sean Dolan,F,IND/CR,17.094,78,10,5,3,15,18,76,14.755,0.125,0.05,0.045,0.175,0.22,0.895
218,Tristin Llewellyn,D,IND/TC,15.873,89,6,7,5,13,18,137,3.935,0.065,0.08,0.055,0.145,0.2,1.52
219,Greg Battani,D,TC,19.12,108,6,7,5,13,18,129,4.26,0.05,0.06,0.045,0.11,0.155,1.185
220,John Mitchell,F,GB/TC/IND,18.685,73,9,3,5,12,17,94,7.965,0.1,0.045,0.06,0.15,0.21,1.195
221,Taylor Raszka,F,LIN,17.9,33,9,6,2,15,17,70,12.86,0.27,0.18,0.06,0.45,0.52,2.12
222,Drew Fisher,F,IND/SF,18.107,60,11,5,1,16,17,80,15.09,0.165,0.045,0.01,0.21,0.22,1.13
223,Matt Jones,F,SC,19.672,41,9,3,5,12,17,54,16.67,0.22,0.07,0.12,0.29,0.41,1.32
224,Anthony Maiani,C,SC,16.556,46,5,10,2,15,17,56,8.93,0.11,0.22,0.04,0.33,0.37,1.22
225,Nick Dineen,F,SF,16.545,51,6,5,6,11,17,74,8.11,0.12,0.1,0.12,0.22,0.33,1.45
226,Matt Moulakelis,F,OMA,17.96,62,6,6,5,12,17,71,9.585,0.095,0.06,0.05,0.155,0.2,1.02
227,John Doherty,D,DM,20.48,39,9,5,2,14,16,58,15.52,0.23,0.13,0.05,0.36,0.41,1.49
228,Joe Loprieno,D,CHI,18.438,95,3,2,11,5,16,93,2.38,0.035,0.02,0.12,0.055,0.175,1.0
229,Ryan Petersen,F,GB,20.028,60,6,5,5,11,16,67,8.96,0.1,0.08,0.08,0.18,0.27,1.12
230,Linus Klasen,F,LIN,18.571,26,7,5,4,12,16,45,15.56,0.27,0.19,0.15,0.46,0.62,1.73
231,Thomas Fortney,F,WAT,18.015,59,13,1,2,14,16,115,11.3,0.22,0.02,0.03,0.24,0.27,1.95
232,Chris Nugent,F,LIN/IND/GB,18.49,68,7,5,3,12,15,85,8.2,0.115,0.08,0.07,0.19,0.255,1.375
233,Alan Thompson,F,CHI,19.965,30,5,6,4,11,15,54,9.26,0.17,0.2,0.13,0.37,0.5,1.8
234,Kyle Bushee,D,DM,20.471,52,5,4,6,9,15,72,6.94,0.1,0.08,0.12,0.17,0.29,1.38
235,Justin Cseter,C,SC,16.56,52,3,4,8,7,15,49,11.28,0.09,0.08,0.13,0.165,0.295,0.885
236,Eric Olimb,D,IND,18.9,55,8,3,4,11,15,99,8.08,0.15,0.05,0.07,0.2,0.27,1.8
237,Jeff Petry,D,DM,17.769,48,1,8,6,9,15,93,1.08,0.02,0.17,0.12,0.19,0.31,1.94
238,Mike Phillippi,D,IND,18.434,51,3,8,4,11,15,63,4.76,0.06,0.16,0.08,0.22,0.29,1.24
239,Eric Gryba,D,GB,17.421,55,3,7,5,10,15,62,4.84,0.05,0.13,0.09,0.18,0.27,1.13
240,Kyle Acre,F,OMA,19.059,56,7,3,5,10,15,70,10.0,0.12,0.05,0.09,0.18,0.27,1.25
241,Corey Tropp,F,SF,16.143,45,7,6,2,13,15,40,17.5,0.16,0.13,0.04,0.29,0.33,0.89
242,Mike Janda,F,CHI,19.543,43,9,3,3,12,15,69,13.04,0.21,0.07,0.07,0.28,0.35,1.6
243,Jon Ralph,D,CHI/SC,19.891,54,1,8,6,9,15,80,1.25,0.02,0.15,0.11,0.17,0.28,1.48
244,Brian Connelly,D,TC,18.767,74,3,5,7,8,15,121,1.745,0.03,0.045,0.11,0.075,0.185,1.67
245,Chad Morin,D,SC,17.419,44,4,4,6,8,14,64,6.25,0.09,0.09,0.14,0.18,0.32,1.45
246,Steven Kaunisto,D,CR,18.955,57,3,6,5,9,14,68,4.41,0.05,0.11,0.09,0.16,0.25,1.19
247,Brandon Bollig,F,LIN,18.623,56,8,5,1,13,14,53,15.09,0.14,0.09,0.02,0.23,0.25,0.95
248,Brett Olson,C,WATE/SC,18.571,47,8,5,1,13,14,58,13.79,0.17,0.11,0.02,0.28,0.3,1.23
249,Jacob Schuster,D,WATE,20.608,47,7,4,3,11,14,63,11.11,0.15,0.09,0.06,0.23,0.3,1.34
250,Andrew Rowe,LW,SC,17.649,39,7,5,2,12,14,59,11.86,0.18,0.13,0.05,0.31,0.36,1.51
251,Shea Walters,F,GB,18.533,58,4,7,3,11,14,53,7.55,0.07,0.12,0.05,0.19,0.24,0.91
252,Andrew Meyer,D,GB/OMA,19.68,48,2,6,6,8,14,74,2.7,0.04,0.12,0.12,0.17,0.29,1.54
253,Justin Lewandowski,F,CHI,18.85,39,5,6,3,11,14,82,6.1,0.13,0.15,0.08,0.28,0.36,2.1
254,David Carlisle,D,LIN,20.225,58,2,7,5,9,14,59,3.39,0.03,0.12,0.09,0.16,0.24,1.02
255,Frank Grzeszczak,D,SC,16.041,46,5,3,6,8,14,47,10.64,0.11,0.07,0.13,0.17,0.3,1.02
256,Justin Braun,D,GB,18.096,68,2,3,8,5,13,76,1.515,0.015,0.025,0.07,0.045,0.11,1.07
257,Mike Embach,F,CHI,17.662,44,7,5,1,12,13,69,10.14,0.16,0.11,0.02,0.27,0.3,1.57
258,Sean Wiles,F,TC,18.254,54,6,6,1,12,13,64,9.38,0.11,0.11,0.02,0.22,0.24,1.19
259,A.J. Panchenko,D,IND,19.354,59,3,5,5,8,13,40,7.5,0.05,0.08,0.08,0.14,0.22,0.68
260,Louis Liotti,D,SC,19.31,53,3,6,4,9,13,77,3.9,0.06,0.11,0.08,0.17,0.25,1.45
261,Blake Friesen,D,SF,19.283,47,4,3,6,7,13,78,5.13,0.09,0.06,0.13,0.15,0.28,1.66
262,Rob Johnson,F,DM,18.316,65,5,2,6,7,13,56,5.1,0.045,0.06,0.055,0.105,0.16,0.795
263,Matt Case,D,GB,19.579,59,3,6,3,9,12,50,6.0,0.05,0.1,0.05,0.15,0.2,0.85
264,Chris Hepp,D,OMA,17.738,103,3,4,5,7,12,79,4.295,0.025,0.035,0.045,0.06,0.105,0.725
265,Jay Barriball,F,SF,18.306,13,5,4,3,9,12,28,17.86,0.38,0.31,0.23,0.69,0.92,2.15
266,Robby Dee,F,OMA,18.437,31,6,2,4,8,12,53,11.32,0.19,0.06,0.13,0.26,0.39,1.71
267,Hunter Bishop,F,CR,17.03,48,2,8,2,10,12,45,4.44,0.04,0.17,0.04,0.21,0.25,0.94
268,Jim Jensen,D,WAT,20.208,48,5,6,1,11,12,55,9.09,0.1,0.12,0.02,0.23,0.25,1.15
269,Michal Lukac,F,TC,20.055,31,3,3,6,6,12,42,7.14,0.1,0.1,0.19,0.19,0.39,1.35
270,Joe Finley,D,SF,17.216,54,3,6,3,9,12,79,3.8,0.06,0.11,0.06,0.17,0.22,1.46
271,Joe Long,F,GB/DM,19.004,51,5,3,4,8,12,88,5.68,0.1,0.06,0.08,0.16,0.24,1.73
272,Zach Redmond,D,SF,17.139,46,4,3,4,7,11,58,6.9,0.09,0.07,0.09,0.15,0.24,1.26
273,Dustin Fulton,F,DM,18.568,22,3,5,3,8,11,31,9.68,0.14,0.23,0.14,0.36,0.5,1.41
274,Nick Tabisz,F,GB,18.21,54,7,2,2,9,11,75,9.33,0.13,0.04,0.04,0.17,0.2,1.39
275,Tomas Petruska,F,WAT,18.544,35,4,5,2,9,11,71,5.63,0.11,0.14,0.06,0.26,0.31,2.03
276,Neil Sauter,D,IND/LIN,19.103,73,5,2,4,7,11,64,7.44,0.065,0.025,0.05,0.09,0.145,0.885
277,Kyle Reeds,F,WATE,17.443,51,5,4,1,9,10,50,10.0,0.1,0.08,0.02,0.18,0.2,0.98
278,Sergei Kolosov,D,CR,19.319,50,2,5,3,7,10,41,4.88,0.04,0.1,0.06,0.14,0.2,0.82
279,Danny Baco,F,LIN,16.931,39,4,3,3,7,10,49,8.16,0.1,0.08,0.08,0.18,0.26,1.26
280,Patrick Schafer,F,OMA,17.728,34,4,2,4,6,10,53,7.55,0.12,0.06,0.12,0.18,0.29,1.56
281,Michael Pilot,F,TC,18.02,53,4,5,1,9,10,88,6.985,0.1,0.09,0.015,0.19,0.2,1.565
282,Michael Findorff,D,IND,19.987,54,2,4,4,6,10,64,3.12,0.04,0.07,0.07,0.11,0.19,1.19
283,Tom Sawatske,D,LIN,20.677,34,1,7,2,8,10,46,2.17,0.03,0.21,0.06,0.24,0.29,1.35
284,J.P. Testwuide,D,WAT,19.861,54,4,2,4,6,10,70,5.71,0.07,0.04,0.07,0.11,0.19,1.3
285,Nick Pernula,F,GB/TC,20.469,22,2,2,6,4,10,40,5.0,0.09,0.09,0.27,0.18,0.45,1.82
286,Pat Bowen,D,CHI,19.108,60,4,3,3,7,10,68,5.88,0.07,0.05,0.05,0.12,0.17,1.13
287,Vincent LoVerde,D,WATE,16.422,50,4,5,1,9,10,60,6.67,0.08,0.1,0.02,0.18,0.2,1.2
288,Brent Cornelius,D,CR/TC,18.068,85,4,2,3,6,9,71,6.065,0.055,0.025,0.025,0.075,0.105,0.845
289,Kyle Solomon,F,CR,17.071,27,3,2,4,5,9,17,17.65,0.11,0.07,0.15,0.19,0.33,0.63
290,Phil Johnson,D,DM,19.574,57,1,2,6,3,9,41,1.28,0.01,0.02,0.055,0.03,0.085,0.695
291,Christian Jensen,D,WATE/CHI,19.691,42,1,4,4,5,9,36,2.275,0.03,0.095,0.095,0.125,0.225,0.9
292,Tim Filangieri,D,WAT,17.079,53,1,7,1,8,9,48,2.08,0.02,0.13,0.02,0.15,0.17,0.91
293,Brian Bina,D,LIN/OMA,19.83,54,2,4,3,6,9,40,7.17,0.05,0.075,0.04,0.115,0.155,0.695
294,Sean Perkins,D,LIN,18.826,30,0,5,4,5,9,25,0.0,0.0,0.17,0.13,0.17,0.3,0.83
295,Bryan Haczyk,F,GB,18.336,28,4,3,2,7,9,52,7.69,0.14,0.11,0.07,0.25,0.32,1.86
296,Jon Ammerman,D,TC/IND,18.355,61,3,2,4,5,9,41,7.32,0.05,0.03,0.07,0.08,0.15,0.67
297,Kyle Hardwick,D,LIN,18.392,52,4,2,3,6,9,44,5.88,0.05,0.025,0.035,0.075,0.11,0.87
298,Brett Gorman,F,TC,19.65,39,3,2,4,5,9,33,9.09,0.08,0.05,0.1,0.13,0.23,0.85
299,Luka Vidmar,F,CHI,19.332,46,3,3,3,6,9,35,8.57,0.07,0.07,0.07,0.13,0.2,0.76
300,Jacob Drewiske,F,SF,18.369,49,5,3,1,8,9,54,9.26,0.1,0.06,0.02,0.16,0.18,1.1
301,Joakim Nettelbladt,D,GB/WATE,18.76,30,1,5,2,6,8,44,2.27,0.03,0.17,0.07,0.2,0.27,1.47
302,Jeff Hazelwood,F,GB/DM,19.146,31,6,1,1,7,8,63,9.52,0.19,0.03,0.03,0.23,0.26,2.03
303,Dan Ryan,F,CHI,17.5,50,4,3,1,7,8,69,18.94,0.105,0.035,0.01,0.14,0.15,0.98
304,Ian Tallett,D,CHI,17.958,55,0,2,6,2,8,51,0.0,0.0,0.04,0.11,0.04,0.15,0.93
305,Tomas Petruska,F,DM,18.544,18,3,3,2,6,8,37,8.11,0.17,0.17,0.11,0.33,0.44,2.06
306,Nick Bailen,D,IND,15.759,50,1,5,2,6,8,49,2.04,0.02,0.1,0.04,0.12,0.16,0.98
307,Jared Hummel,D,SF,19.338,44,2,2,4,4,8,29,6.9,0.05,0.05,0.09,0.09,0.18,0.66
308,Kevin Lohry,F,SC,18.035,33,2,4,2,6,8,39,5.13,0.06,0.12,0.06,0.18,0.24,1.18
309,Pasko Skarica,D,WATE,18.642,34,1,2,4,3,7,36,2.78,0.03,0.06,0.12,0.09,0.21,1.06
310,Spencer Heichman,RW,SC,16.395,35,4,2,1,6,7,47,8.51,0.11,0.06,0.03,0.17,0.2,1.34
311,Ian Slater,F,CR,17.41,40,5,0,2,5,7,48,10.42,0.12,0.0,0.05,0.12,0.17,1.2
312,Kurt Davis,D,GB/WATE,19.091,40,1,4,2,5,7,47,2.13,0.03,0.1,0.05,0.12,0.17,1.18
313,Ryan Olidis,F,CHI,17.865,39,1,3,3,4,7,32,3.12,0.03,0.08,0.08,0.1,0.18,0.82
314,Patrick Tiesling,F,SF,17.695,53,2,2,3,4,7,49,4.08,0.04,0.04,0.06,0.08,0.13,0.92
315,Matt Summers,F,GB,18.171,32,2,2,2,4,6,25,8.0,0.06,0.06,0.06,0.12,0.19,0.78
316,Adam Davis,D,SC,18.804,14,2,3,1,5,6,23,8.7,0.14,0.21,0.07,0.36,0.43,1.64
317,Scott Kozlak,F,DM/CHI,19.171,49,2,3,1,5,6,55,3.64,0.04,0.06,0.02,0.1,0.12,1.12
318,Ben Beaudoin,F,CHI/LIN,18.659,46,5,1,0,6,6,36,13.89,0.11,0.02,0.0,0.13,0.13,0.78
319,J.C. Velasquez,F,GB,20.515,37,2,2,2,4,6,40,5.0,0.05,0.05,0.05,0.11,0.16,1.08
320,Adam Blanchette,D,WATE,19.565,17,2,2,2,4,6,30,6.67,0.12,0.12,0.12,0.24,0.35,1.76
321,Mike Sislo,F,GB,17.654,56,3,1,2,4,6,64,4.69,0.05,0.02,0.04,0.07,0.11,1.14
322,Sam DAgosino,F,TC,19.171,30,1,2,3,3,6,24,4.17,0.03,0.07,0.1,0.1,0.2,0.8
323,Joseph Sova,D,WATE,17.356,37,2,2,1,4,5,53,3.77,0.05,0.05,0.03,0.11,0.14,1.43
324,Brad Hoelzer,F,WAT/WATE,18.072,45,3,0,2,3,5,40,7.5,0.07,0.0,0.045,0.07,0.11,0.89
325,Alan Dorich,D,DM,18.68,43,1,1,3,2,5,34,2.5,0.02,0.02,0.07,0.045,0.11,0.785
326,Dan Lawson,D,CHI,17.216,52,1,2,2,3,5,51,1.96,0.02,0.04,0.04,0.06,0.1,0.98
327,Andrew Johnson,F,GB,20.151,28,1,1,3,2,5,20,5.0,0.04,0.04,0.11,0.07,0.18,0.71
328,T.J. Oshie,F,SF,17.731,10,3,2,0,5,5,18,16.67,0.3,0.2,0.0,0.5,0.5,1.8
329,Michael Annett,D,WAT,18.232,58,0,1,4,1,5,18,0.0,0.0,0.02,0.07,0.02,0.09,0.31
330,Derek Danowski,F,GB,18.418,25,1,3,1,4,5,23,4.35,0.04,0.12,0.04,0.16,0.2,0.92
331,Jon Globke,F,SF,18.848,31,2,2,1,4,5,40,5.0,0.06,0.06,0.03,0.13,0.16,1.29
332,Phil Pinter,F,DM,19.658,11,2,2,1,4,5,12,16.67,0.18,0.18,0.09,0.36,0.45,1.09
333,Scott Birnstill,F,WAT,17.304,32,3,2,0,5,5,26,11.54,0.09,0.06,0.0,0.16,0.16,0.81
334,Kaspars Saulietis,F,DM,17.263,10,3,2,0,5,5,17,17.65,0.3,0.2,0.0,0.5,0.5,1.7
335,Adam Cardwell,F,IND,17.191,27,1,3,1,4,5,27,3.7,0.04,0.11,0.04,0.15,0.19,1.0
336,Phillip Fox,F,CR,20.08,9,1,1,3,2,5,8,12.5,0.11,0.11,0.33,0.22,0.56,0.89
337,Channing Boe,D,SF,19.176,44,2,1,2,3,5,34,5.88,0.05,0.02,0.05,0.07,0.11,0.77
338,Justin Maciuk,F,CHI,18.522,39,0,3,2,3,5,24,0.0,0.0,0.08,0.05,0.08,0.13,0.62
339,Mike Borisenok,F,WATE,17.555,44,2,3,0,5,5,44,4.55,0.05,0.07,0.0,0.11,0.11,1.0
340,Brett Dickinson,D,CR,19.516,49,1,3,1,4,5,32,3.12,0.02,0.06,0.02,0.08,0.1,0.65
341,Harrison Niemann,F,OMA,18.552,21,2,2,1,4,5,27,7.41,0.1,0.1,0.05,0.19,0.24,1.29
342,Ryan Little,D,GB,17.022,38,1,0,3,1,4,19,5.26,0.03,0.0,0.08,0.03,0.11,0.5
343,Dan Sturges,F,GB,19.297,19,3,1,0,4,4,34,8.82,0.16,0.05,0.0,0.21,0.21,1.79
344,Russ Sinkewich,D,LIN,18.985,37,1,0,3,1,4,24,4.17,0.03,0.0,0.08,0.03,0.11,0.65
345,Warren Byrne,F,SF/CHI,18.68,26,2,1,1,3,4,33,3.335,0.045,0.02,0.02,0.065,0.085,1.15
346,John Carter,F,DM/SC,18.601,31,2,1,1,3,4,26,7.69,0.06,0.03,0.03,0.1,0.13,0.84
347,Mike Van Wagner,D,CHI,18.555,39,0,1,3,1,4,29,0.0,0.0,0.03,0.08,0.03,0.1,0.74
348,Ryan Scott,D,IND,18.292,33,3,0,1,3,4,20,15.0,0.09,0.0,0.03,0.09,0.12,0.61
349,Carl Sneep,F,LIN,17.862,13,1,2,1,3,4,12,8.33,0.08,0.15,0.08,0.23,0.31,0.92
350,Donnie Hallmark,F,DM,16.972,38,2,1,1,3,4,32,6.25,0.05,0.03,0.03,0.08,0.11,0.84
351,Kyle Lundey,RW,IND,17.183,26,2,1,1,3,4,13,15.38,0.08,0.04,0.04,0.12,0.15,0.5
352,Chris Murphy,F,LIN,20.091,31,3,1,0,4,4,30,10.0,0.1,0.03,0.0,0.13,0.13,0.97
353,Scott Wietecha,D,CR,17.909,39,1,3,0,4,4,29,3.45,0.03,0.08,0.0,0.1,0.1,0.74
354,Kyle Page,D,IND,18.683,56,1,0,3,1,4,63,1.59,0.02,0.0,0.05,0.02,0.07,1.12
355,Mark Armstrong,F,GB/IND,17.889,27,1,2,0,3,3,32,3.12,0.04,0.07,0.0,0.11,0.11,1.19
356,Tim Gilbert,F,WATE,18.024,47,2,1,0,3,3,43,4.65,0.04,0.02,0.0,0.06,0.06,0.91
357,Ron Cramer,F,IND,17.555,19,3,0,0,3,3,23,13.04,0.16,0.0,0.0,0.16,0.16,1.21
358,Matt Godlewski,D,CHI,18.579,46,1,1,1,2,3,22,4.55,0.02,0.02,0.02,0.04,0.07,0.48
359,Bobby Reiners,D,DM/GB/LIN,17.879,43,0,2,1,2,3,28,0.0,0.0,0.05,0.02,0.05,0.07,0.65
360,Nick Grasso,F,CR/WATE,17.41,29,1,1,1,2,3,14,7.14,0.03,0.03,0.03,0.07,0.1,0.48
361,Derek Roehl,F,LIN,17.405,18,1,1,1,2,3,8,12.5,0.06,0.06,0.06,0.11,0.17,0.44
362,Nick Petrecki,D,OMA,16.181,52,0,1,2,1,3,55,0.0,0.0,0.02,0.04,0.02,0.06,1.06
363,Jon Madden,F,IND,17.944,28,0,3,0,3,3,23,0.0,0.0,0.11,0.0,0.11,0.11,0.82
364,Joe Welch,F,GB,17.882,30,2,1,0,3,3,29,7.105,0.07,0.04,0.0,0.105,0.105,1.01
365,Patrick Borgestad,F,DM,20.482,12,1,1,1,2,3,26,3.85,0.08,0.08,0.08,0.17,0.25,2.17
366,Sam Kelly,F,IND/GB/DM,19.508,29,3,0,0,3,3,35,8.57,0.1,0.0,0.0,0.1,0.1,1.21
367,Chris Kane,D,SC,19.289,21,0,2,1,2,3,19,0.0,0.0,0.1,0.05,0.1,0.14,0.9
368,John Lombardi,F,OMA,19.242,19,0,2,1,2,3,12,0.0,0.0,0.11,0.05,0.11,0.16,0.63
369,Brian Lee,D,LIN,17.473,12,0,2,1,2,3,11,0.0,0.0,0.17,0.08,0.17,0.25,0.92
370,Adam Davis,D,GB,18.804,9,1,0,2,1,3,10,10.0,0.11,0.0,0.22,0.11,0.33,1.11
371,Brendan Olinyk,D,GB/CR,18.623,42,1,0,2,1,3,22,4.55,0.02,0.0,0.05,0.02,0.07,0.52
372,Jake Gannon,D,SC,17.64,14,1,0,2,1,3,8,12.5,0.07,0.0,0.14,0.07,0.21,0.57
373,Nathaniel Brooks,F,CHI,18.541,13,1,1,1,2,3,12,8.33,0.08,0.08,0.08,0.15,0.23,0.92
374,Shawn Gawrys,F,LIN,17.58,21,2,1,0,3,3,17,11.76,0.1,0.05,0.0,0.14,0.14,0.81
375,Sergei Kukushkin,F,IND,19.141,19,1,2,0,3,3,18,5.56,0.05,0.11,0.0,0.16,0.16,0.95
376,Jeff Christiansen,F,OMA,18.177,21,2,1,0,3,3,34,5.88,0.1,0.05,0.0,0.14,0.14,1.62
377,Patrik Valcak,F,LIN,19.749,4,1,1,1,2,3,2,50.0,0.25,0.25,0.25,0.5,0.75,0.5
378,Peter Shelzi,F,OMA,19.614,15,0,3,0,3,3,10,0.0,0.0,0.2,0.0,0.2,0.2,0.67
379,Spencer Dillon,D,GB,19.688,54,1,1,1,2,3,60,1.67,0.02,0.02,0.02,0.04,0.06,1.11
380,David Brownschidle,F,TC,16.315,30,1,0,1,1,2,15,6.67,0.03,0.0,0.03,0.03,0.07,0.5
381,Mike Stuart,D,IND,17.58,26,0,1,1,1,2,22,0.0,0.0,0.04,0.04,0.04,0.08,0.85
382,Jeff Carlson,D,TC,18.328,35,2,0,0,2,2,34,5.88,0.06,0.0,0.0,0.06,0.06,0.97
383,Garren Reisweber,F,GB,18.412,10,1,1,0,2,2,12,8.33,0.1,0.1,0.0,0.2,0.2,1.2
384,Chris Kane,D,DM,18.864,15,1,1,0,2,2,20,5.0,0.07,0.07,0.0,0.13,0.13,1.33
385,Taylor Sutherlin,D,DM,18.47,26,2,0,0,2,2,19,10.53,0.08,0.0,0.0,0.08,0.08,0.73
386,John Lombardi,F,SF,19.242,27,1,1,0,2,2,16,6.25,0.04,0.04,0.0,0.07,0.07,0.59
387,Mitch Kerns,F,GB/OMA,18.727,29,0,1,1,1,2,27,0.0,0.0,0.03,0.03,0.03,0.07,0.93
388,Chris Robinson,D,LIN,19.603,46,1,1,0,2,2,19,5.26,0.02,0.02,0.0,0.04,0.04,0.41
389,Ryan Lowery,D,LIN,17.024,5,0,1,1,1,2,8,0.0,0.0,0.2,0.2,0.2,0.4,1.6
390,Robby Spalding,D,SC,18.273,20,0,2,0,2,2,15,0.0,0.0,0.1,0.0,0.1,0.1,0.75
391,Joakim Nettleblat,D,WATE,18.76,6,1,0,1,1,2,5,20.0,0.17,0.0,0.17,0.17,0.33,0.83
392,Chris Brennan,F,CHI,19.414,6,0,1,1,1,2,8,0.0,0.0,0.17,0.17,0.17,0.33,1.33
393,Felip Ogleznev,F,TC,18.673,30,2,0,0,2,2,19,10.53,0.07,0.0,0.0,0.07,0.07,0.63
394,Philip Ogleznev,F,TC,18.673,23,1,0,1,1,2,17,5.88,0.04,0.0,0.04,0.04,0.09,0.74
395,Cameron Cooper,D,TC,17.325,15,2,0,0,2,2,14,14.29,0.13,0.0,0.0,0.13,0.13,0.93
396,Travis Kauffeldt,F,OMA,19.291,6,1,1,0,2,2,3,33.33,0.17,0.17,0.0,0.33,0.33,0.5
397,Raimonds Danilics,F,TC,19.165,7,2,0,0,2,2,5,40.0,0.29,0.0,0.0,0.29,0.29,0.71
398,Andrew Krelove,D,DM,18.421,27,0,0,2,0,2,18,0.0,0.0,0.0,0.07,0.0,0.07,0.67
399,Andrew Roberts,F,WAT,2003.704,12,0,0,2,0,2,22,0.0,0.0,0.0,0.17,0.0,0.17,1.83
400,Eric Miller,F,IND,19.136,17,0,2,0,2,2,5,0.0,0.0,0.11,0.0,0.11,0.11,0.31
401,Morgan Simonson,D,TC,18.486,9,0,2,0,2,2,11,0.0,0.0,0.22,0.0,0.22,0.22,1.22
402,Jason Wiley,F,IND,18.735,21,1,0,1,1,2,21,4.76,0.05,0.0,0.05,0.05,0.1,1.0
403,Ryan Kelly,F,LIN,18.96,23,0,0,1,0,1,13,0.0,0.0,0.0,0.04,0.0,0.04,0.57
404,Anthony Schooley,F,WATE,16.124,1,0,0,1,0,1,1,0.0,0.0,0.0,1.0,0.0,1.0,1.0
405,Player ID: 1869,,DM,2004.704,13,0,0,1,0,1,5,0.0,0.0,0.0,0.08,0.0,0.08,0.38
406,Kevin Bodker,D,SC,15.45,3,0,0,1,0,1,4,0.0,0.0,0.0,0.33,0.0,0.33,1.33
407,Matt Jennings,F,CHI,17.67,2,0,1,0,1,1,2,0.0,0.0,0.5,0.0,0.5,0.5,1.0
408,Ben Rosen,D,OMA/GB,16.688,12,0,0,1,0,1,3,0.0,0.0,0.0,0.08,0.0,0.08,0.25
409,Greg Beller,F,GB,18.648,2,1,0,0,1,1,4,25.0,0.5,0.0,0.0,0.5,0.5,2.0
410,Doug Wilson,D,CHI/LIN,19.379,14,0,1,0,1,1,2,0.0,0.0,0.07,0.0,0.07,0.07,0.14
411,Mickey McCrimmon,D,LIN,19.278,3,0,1,0,1,1,3,0.0,0.0,0.33,0.0,0.33,0.33,1.0
412,Sean Coffey,D,SC,17.353,24,0,1,0,1,1,12,0.0,0.0,0.04,0.0,0.04,0.04,0.5
413,Mike Guzzo,F,CHI,18.664,13,1,0,0,1,1,17,5.88,0.08,0.0,0.0,0.08,0.08,1.31
414,JC Velasquez,F,SF,20.515,5,1,0,0,1,1,7,14.29,0.2,0.0,0.0,0.2,0.2,1.4
415,Daniel Barczuk,F,CR,17.268,10,1,0,0,1,1,8,12.5,0.1,0.0,0.0,0.1,0.1,0.8
416,Rylan Galiardi,F,SC,19.212,3,0,1,0,1,1,2,0.0,0.0,0.33,0.0,0.33,0.33,0.67
417,Matt Kaiser,F,TC/SC,18.429,19,0,0,1,0,1,14,0.0,0.0,0.0,0.05,0.0,0.05,0.74
418,Mike Ramirez,F,OMA,20.493,4,1,0,0,1,1,3,33.33,0.25,0.0,0.0,0.25,0.25,0.75
419,Dillon Duncan,F,LIN,20.093,11,0,0,1,0,1,4,0.0,0.0,0.0,0.09,0.0,0.09,0.36
420,Eric Bigham,F,SF,17.983,9,0,1,0,1,1,7,0.0,0.0,0.11,0.0,0.11,0.11,0.78
421,Ryan Devito,F,CHI,17.599,9,0,1,0,1,1,6,0.0,0.0,0.11,0.0,0.11,0.11,0.67
422,David Sloane,D,CHI,19.445,17,0,1,0,1,1,7,0.0,0.0,0.06,0.0,0.06,0.06,0.41
423,Justin Johnston,D,GB/SC,18.475,29,1,0,0,1,1,31,3.23,0.03,0.0,0.0,0.03,0.03,1.07
424,Randy King,F,GB,17.32,8,0,0,1,0,1,3,0.0,0.0,0.0,0.12,0.0,0.12,0.38
425,Jerad Stewart,F,WAT,16.753,11,0,1,0,1,1,9,0.0,0.0,0.09,0.0,0.09,0.09,0.82
426,Spencer Anderson,F,CHI,17.435,14,0,0,1,0,1,9,0.0,0.0,0.0,0.07,0.0,0.07,0.64
427,Tibor Kutalek,LW,IND,17.837,3,1,0,0,1,1,3,33.33,0.33,0.0,0.0,0.33,0.33,1.0
428,Brad Krueger,F,DM,18.831,31,0,1,0,1,1,11,0.0,0.0,0.03,0.0,0.03,0.03,0.35
429,Jeff Carlson,D,GB,18.328,14,0,1,0,1,1,10,0.0,0.0,0.07,0.0,0.07,0.07,0.71
430,Ben Osborne,F,IND,19.464,26,1,0,0,1,1,9,11.11,0.04,0.0,0.0,0.04,0.04,0.35
431,Erick Galt,F,LIN,18.021,10,0,0,0,0,0,1,0.0,0.0,0.0,0.0,0.0,0.0,0.1
432,Kyle Greco,F,CHI,17.134,2,0,0,0,0,0,0,0.0,0.0,0.0,0.0,0.0,0.0,0.0
433,Gregory Braun,F,IND,18.541,1,0,0,0,0,0,0,0.0,0.0,0.0,0.0,0.0,0.0,0.0
434,Andy Inderieden,F,GB,17.43,5,0,0,0,0,0,2,0.0,0.0,0.0,0.0,0.0,0.0,0.4
435,Dan Malloy,D,SC,20.573,4,0,0,0,0,0,6,0.0,0.0,0.0,0.0,0.0,0.0,1.5
436,Kyle Medvec,D,SC,17.249,2,0,0,0,0,0,0,0.0,0.0,0.0,0.0,0.0,0.0,0.0
437,Dan Durham,F,CHI,16.679,1,0,0,0,0,0,0,0.0,0.0,0.0,0.0,0.0,0.0,0.0
438,Player ID: 1888,,IND,2004.704,1,0,0,0,0,0,0,0.0,0.0,0.0,0.0,0.0,0.0,0.0
439,Joel Rechlicz,F/D,IND/DM,18.256,4,0,0,0,0,0,4,0.0,0.0,0.0,0.0,0.0,0.0,1.0
440,Thomas Raffl,F,DM,19.242,4,0,0,0,0,0,10,0.0,0.0,0.0,0.0,0.0,0.0,2.5
441,Bobby Dalzell,F,IND,17.777,1,0,0,0,0,0,0,0.0,0.0,0.0,0.0,0.0,0.0,0.0
442,Derek Elliott,F,DM,17.821,1,0,0,0,0,0,0,0.0,0.0,0.0,0.0,0.0,0.0,0.0
443,Christian Steingraber,D,DM/SC,16.107,35,0,0,0,0,0,23,0.0,0.0,0.0,0.0,0.0,0.0,0.66
444,Sean Courtney,F,OMA,19.916,6,0,0,0,0,0,7,0.0,0.0,0.0,0.0,0.0,0.0,1.17
445,Tyler Townsend,D,DM,19.499,4,0,0,0,0,0,1,0.0,0.0,0.0,0.0,0.0,0.0,0.25
446,Michael Forney,F,DM,17.339,2,0,0,0,0,0,1,0.0,0.0,0.0,0.0,0.0,0.0,0.5
447,Brandon Bukowski,D,TC,18.07,9,0,0,0,0,0,4,0.0,0.0,0.0,0.0,0.0,0.0,0.44
448,Anthony Cosmano,F,CHI,19.672,10,0,0,0,0,0,4,0.0,0.0,0.0,0.0,0.0,0.0,0.4
449,Matt Smith,D,IND,17.334,2,0,0,0,0,0,3,0.0,0.0,0.0,0.0,0.0,0.0,1.5
450,Brad Elliot,F,DM,17.892,2,0,0,0,0,0,0,0.0,0.0,0.0,0.0,0.0,0.0,0.0
451,Stu Bickel,F,GB,18.455,27,0,0,0,0,0,22,0.0,0.0,0.0,0.0,0.0,0.0,0.81
452,Ondrej Piskura,D,DM,18.374,4,0,0,0,0,0,3,0.0,0.0,0.0,0.0,0.0,0.0,0.75
453,David Lehman,F,DM,17.227,5,0,0,0,0,0,0,0.0,0.0,0.0,0.0,0.0,0.0,0.0
454,Dennis Unk,LW,SC,20.649,1,0,0,0,0,0,0,0.0,0.0,0.0,0.0,0.0,0.0,0.0
455,Brian Spring,F,DM,17.063,1,0,0,0,0,0,0,0.0,0.0,0.0,0.0,0.0,0.0,0.0
456,Evan Trupp,F,DM,16.901,1,0,0,0,0,0,0,0.0,0.0,0.0,0.0,0.0,0.0,0.0
457,Joshua Williams,D,GB,20.562,7,0,0,0,0,0,4,0.0,0.0,0.0,0.0,0.0,0.0,0.57
458,Joe Milo,F,GB,18.642,6,0,0,0,0,0,12,0.0,0.0,0.0,0.0,0.0,0.0,2.0
459,Glenn Ylitalo,F,IND,19.171,2,0,0,0,0,0,0,0.0,0.0,0.0,0.0,0.0,0.0,0.0
460,Jesse MacNeil,F,DM,18.229,3,0,0,0,0,0,2,0.0,0.0,0.0,0.0,0.0,0.0,0.67
461,Aaron Roberge,F,IND,19.598,5,0,0,0,0,0,3,0.0,0.0,0.0,0.0,0.0,0.0,0.6
462,Patrick Voll,D,GB,20.526,1,0,0,0,0,0,0,0.0,0.0,0.0,0.0,0.0,0.0,0.0
463,Josh Williams,D,SF,20.562,16,0,0,0,0,0,9,0.0,0.0,0.0,0.0,0.0,0.0,0.56
464,Will Carpenter,D,DM,17.9,38,0,0,0,0,0,12,0.0,0.0,0.0,0.0,0.0,0.0,0.32
465,Brett Beauchamp,D,DM,18.607,5,0,0,0,0,0,0,0.0,0.0,0.0,0.0,0.0,0.0,0.0
466,Zach Harbour,F,CHI,19.74,1,0,0,0,0,0,0,0.0,0.0,0.0,0.0,0.0,0.0,0.0
467,Freddie Ferm,F,WAT,20.321,4,0,0,0,0,0,2,0.0,0.0,0.0,0.0,0.0,0.0,0.5
468,Rafeal Rodriguez,D,CR,18.07,1,0,0,0,0,0,0,0.0,0.0,0.0,0.0,0.0,0.0,0.0
469,Andrew Guyer,D,WAT,19.658,10,0,0,0,0,0,12,0.0,0.0,0.0,0.0,0.0,0.0,1.2
470,Michael Dorr,F,DM,16.715,11,0,0,0,0,0,1,0.0,0.0,0.0,0.0,0.0,0.0,0.09
